"","animal_id","local_area","num_dets","first_det","last_det","mean_lat","mean_lon"
"1","V2LNSSA-02A-2019-05-07","Sheet Harbour",6484,2019-05-09 00:41:31,2019-06-03 01:19:13,44.9202516530958,-62.5386218284875
"2","V2LNSSA-02A-2019-05-07","Sheet Harbour estuary",563,2019-05-23 04:05:00,2019-06-06 23:45:13,44.8958021924533,-62.4850195539726
"3","V2LNSSA-02A-2019-05-07","Sheet Harbour passage",31,2019-05-08 07:46:26,2019-06-07 03:13:59,44.8665695404,-62.4962837203505
"4","V2LNSSA-02A-2019-05-07","West River upper",2,2019-05-07 09:36:00,2019-05-07 09:36:00,44.9585454198472,-62.6177866412211
"5","V2LNSSA-02B-2019-05-07","Sheet Harbour",5315,2019-05-08 06:44:58,2019-06-01 22:06:06,44.9202516530958,-62.5386218284875
"6","V2LNSSA-02B-2019-05-07","Sheet Harbour estuary",3226,2019-05-18 02:27:57,2019-06-12 05:59:27,44.8958021924533,-62.4850195539726
"7","V2LNSSA-02B-2019-05-07","Sheet Harbour passage",65,2019-05-08 06:02:54,2019-06-12 17:43:17,44.8665695404,-62.4962837203505
"8","V2LNSSA-02B-2019-05-07","St. Anns Bank MPA",3,2019-06-19 01:37:15,2019-06-19 01:47:42,46.014734054054,-58.99753
"9","V2LNSSA-02B-2019-05-07","West River upper",2,2019-05-07 09:36:00,2019-05-07 09:36:00,44.9585454198472,-62.6177866412211
"10","V2LNSSA-02C-2019-05-07","Sheet Harbour",1036,2019-05-10 06:29:46,2019-05-13 10:48:13,44.9202516530958,-62.5386218284875
"11","V2LNSSA-02C-2019-05-07","Sheet Harbour passage",20,2019-05-10 05:22:21,2019-05-10 06:04:17,44.8665695404,-62.4962837203505
"12","V2LNSSA-02C-2019-05-07","West River upper",2,2019-05-07 09:36:00,2019-05-07 09:36:00,44.9585454198472,-62.6177866412211
"13","V2LNSSA-02D-2019-05-07","Sheet Harbour",500,2019-05-09 02:49:02,2019-06-09 01:32:22,44.9202516530958,-62.5386218284875
"14","V2LNSSA-02D-2019-05-07","Sheet Harbour estuary",2705,2019-05-21 06:46:05,2019-06-12 09:02:35,44.8958021924533,-62.4850195539726
"15","V2LNSSA-02D-2019-05-07","Sheet Harbour passage",70,2019-05-08 07:28:57,2019-06-02 21:49:37,44.8665695404,-62.4962837203505
"16","V2LNSSA-02D-2019-05-07","West River upper",2,2019-05-07 09:36:00,2019-05-07 09:36:00,44.9585454198472,-62.6177866412211
"17","V2LNSSA-03A-2019-05-07","Sheet Harbour",1794,2019-05-09 13:30:03,2019-06-03 23:41:23,44.9202516530958,-62.5386218284875
"18","V2LNSSA-03A-2019-05-07","Sheet Harbour estuary",1128,2019-06-02 02:14:19,2019-06-12 20:39:47,44.8958021924533,-62.4850195539726
"19","V2LNSSA-03A-2019-05-07","Sheet Harbour passage",84,2019-05-08 21:22:54,2019-06-13 12:39:22,44.8665695404,-62.4962837203505
"20","V2LNSSA-03A-2019-05-07","West River upper",2,2019-05-07 09:36:00,2019-05-07 09:36:00,44.9585454198472,-62.6177866412211
"21","V2LNSSA-03B-2019-05-07","Sheet Harbour",95,2019-05-10 00:45:00,2019-05-10 04:58:02,44.9202516530958,-62.5386218284875
"22","V2LNSSA-03B-2019-05-07","Sheet Harbour estuary",11,2019-05-10 23:30:04,2019-05-11 00:08:13,44.8958021924533,-62.4850195539726
"23","V2LNSSA-03B-2019-05-07","Sheet Harbour passage",27,2019-05-09 23:08:09,2019-05-11 08:52:54,44.8665695404,-62.4962837203505
"24","V2LNSSA-03B-2019-05-07","West River upper",2,2019-05-07 09:36:00,2019-05-07 09:36:00,44.9585454198472,-62.6177866412211
"25","V2LNSSA-04A-2019-05-07","Sheet Harbour",412,2019-05-10 02:16:37,2019-05-10 09:20:52,44.9202516530958,-62.5386218284875
"26","V2LNSSA-04A-2019-05-07","Sheet Harbour passage",35,2019-05-09 12:54:17,2019-05-10 01:10:40,44.8665695404,-62.4962837203505
"27","V2LNSSA-04A-2019-05-07","West River upper",2,2019-05-07 09:36:00,2019-05-07 09:36:00,44.9585454198472,-62.6177866412211
"28","V2LNSSA-04B-2019-05-07","Sheet Harbour",160,2019-05-09 00:15:41,2019-05-09 06:33:46,44.9202516530958,-62.5386218284875
"29","V2LNSSA-04B-2019-05-07","Sheet Harbour estuary",30,2019-05-09 08:50:05,2019-05-09 09:30:48,44.8958021924533,-62.4850195539726
"30","V2LNSSA-04B-2019-05-07","Sheet Harbour passage",70,2019-05-08 18:32:00,2019-06-08 05:28:46,44.8665695404,-62.4962837203505
"31","V2LNSSA-04B-2019-05-07","West River upper",2,2019-05-07 09:36:00,2019-05-07 09:36:00,44.9585454198472,-62.6177866412211
"32","V2LNSSA-04C-2019-05-07","Sheet Harbour",741,2019-05-09 00:09:17,2019-05-12 23:02:49,44.9202516530958,-62.5386218284875
"33","V2LNSSA-04C-2019-05-07","Sheet Harbour passage",5,2019-05-08 21:22:35,2019-05-08 21:30:45,44.8665695404,-62.4962837203505
"34","V2LNSSA-04C-2019-05-07","West River upper",2,2019-05-07 09:36:00,2019-05-07 09:36:00,44.9585454198472,-62.6177866412211
"35","V2LNSSA-04D-2019-05-07","Sheet Harbour",15,2019-05-09 01:31:05,2019-05-09 01:46:09,44.9202516530958,-62.5386218284875
"36","V2LNSSA-04D-2019-05-07","Sheet Harbour passage",19,2019-05-08 11:15:35,2019-05-08 11:51:35,44.8665695404,-62.4962837203505
"37","V2LNSSA-04D-2019-05-07","West River upper",2,2019-05-07 09:36:00,2019-05-07 09:36:00,44.9585454198472,-62.6177866412211
"38","V2LNSSA-05A-2019-05-07","Sheet Harbour",2864,2019-05-10 01:07:04,2019-06-22 04:29:47,44.9202516530958,-62.5386218284875
"39","V2LNSSA-05A-2019-05-07","Sheet Harbour passage",10,2019-05-10 00:34:39,2019-05-10 00:51:36,44.8665695404,-62.4962837203505
"40","V2LNSSA-05A-2019-05-07","West River upper",2,2019-05-07 09:36:00,2019-05-07 09:36:00,44.9585454198472,-62.6177866412211
"41","V2LNSSA-05B-2019-05-07","Sheet Harbour",2659,2019-05-13 00:14:57,2019-05-22 20:00:55,44.9202516530958,-62.5386218284875
"42","V2LNSSA-05B-2019-05-07","Sheet Harbour estuary",2366,2019-05-23 00:38:06,2019-06-08 00:56:18,44.8958021924533,-62.4850195539726
"43","V2LNSSA-05B-2019-05-07","Sheet Harbour passage",60,2019-05-12 19:14:17,2019-06-09 00:05:31,44.8665695404,-62.4962837203505
"44","V2LNSSA-05B-2019-05-07","West River upper",2,2019-05-07 09:36:00,2019-05-07 09:36:00,44.9585454198472,-62.6177866412211
"45","V2LNSSA-05C-2019-05-07","Sheet Harbour",9067,2019-05-08 19:24:27,2019-06-10 19:34:23,44.9202516530958,-62.5386218284875
"46","V2LNSSA-05C-2019-05-07","Sheet Harbour estuary",5392,2019-05-16 07:24:53,2019-06-15 18:47:08,44.8958021924533,-62.4850195539726
"47","V2LNSSA-05C-2019-05-07","Sheet Harbour passage",123,2019-05-08 12:55:35,2019-06-15 21:59:11,44.8665695404,-62.4962837203505
"48","V2LNSSA-05C-2019-05-07","West River upper",2,2019-05-07 09:36:00,2019-05-07 09:36:00,44.9585454198472,-62.6177866412211
"49","V2LNSSA-05D-2019-05-07","Sheet Harbour",841,2019-05-08 23:57:59,2019-05-09 11:04:15,44.9202516530958,-62.5386218284875
"50","V2LNSSA-05D-2019-05-07","Sheet Harbour passage",54,2019-05-08 20:00:26,2019-05-08 21:31:41,44.8665695404,-62.4962837203505
"51","V2LNSSA-05D-2019-05-07","West River upper",2,2019-05-07 09:36:00,2019-05-07 09:36:00,44.9585454198472,-62.6177866412211
"52","V2LNSSA-06C-2019-05-08","Sheet Harbour",752,2019-05-09 04:26:02,2019-05-10 09:23:25,44.9202516530958,-62.5386218284875
"53","V2LNSSA-06C-2019-05-08","Sheet Harbour passage",109,2019-05-09 00:22:03,2019-05-09 03:39:59,44.8665695404,-62.4962837203505
"54","V2LNSSA-06C-2019-05-08","West River upper",2,2019-05-08 09:36:00,2019-05-08 09:36:00,44.9585454198472,-62.6177866412211
"55","V2LNSSA-07A-2019-05-08","Sheet Harbour",1553,2019-05-10 00:00:53,2019-05-17 10:15:38,44.9202516530958,-62.5386218284875
"56","V2LNSSA-07A-2019-05-08","Sheet Harbour estuary",69,2019-05-12 15:31:31,2019-05-15 17:33:13,44.8958021924533,-62.4850195539726
"57","V2LNSSA-07A-2019-05-08","Sheet Harbour passage",13,2019-05-09 21:08:13,2019-05-09 22:13:04,44.8665695404,-62.4962837203505
"58","V2LNSSA-07A-2019-05-08","West River upper",2,2019-05-08 09:36:00,2019-05-08 09:36:00,44.9585454198472,-62.6177866412211
"59","V2LNSSA-07B-2019-05-08","Sheet Harbour passage",6,2019-05-09 15:14:58,2019-05-09 15:28:12,44.8665695404,-62.4962837203505
"60","V2LNSSA-07B-2019-05-08","West River upper",2,2019-05-08 09:36:00,2019-05-08 09:36:00,44.9585454198472,-62.6177866412211
"61","V2LNSSA-08C-2019-05-08","Sheet Harbour passage",173,2019-05-09 02:21:31,2019-05-09 08:04:41,44.8665695404,-62.4962837203505
"62","V2LNSSA-08C-2019-05-08","West River upper",2,2019-05-08 09:36:00,2019-05-08 09:36:00,44.9585454198472,-62.6177866412211
"63","V2LNSSA-08D-2019-05-08","Sheet Harbour",6036,2019-05-10 00:08:45,2019-05-13 16:10:12,44.9202516530958,-62.5386218284875
"64","V2LNSSA-08D-2019-05-08","Sheet Harbour passage",35,2019-05-09 16:14:28,2019-05-09 17:23:35,44.8665695404,-62.4962837203505
"65","V2LNSSA-08D-2019-05-08","West River upper",2,2019-05-08 09:36:00,2019-05-08 09:36:00,44.9585454198472,-62.6177866412211
"66","V2LNSSA-09A-2019-05-09","Sheet Harbour",4173,2019-05-10 01:05:55,2019-06-02 21:08:24,44.9202516530958,-62.5386218284875
"67","V2LNSSA-09A-2019-05-09","Sheet Harbour estuary",1654,2019-05-20 23:39:30,2019-06-06 00:40:22,44.8958021924533,-62.4850195539726
"68","V2LNSSA-09A-2019-05-09","Sheet Harbour passage",28,2019-05-09 22:11:52,2019-06-07 11:38:52,44.8665695404,-62.4962837203505
"69","V2LNSSA-09A-2019-05-09","West River upper",2,2019-05-09 09:36:00,2019-05-09 09:36:00,44.9585454198472,-62.6177866412211
"70","V2LNSSA-09B-2019-05-09","Sheet Harbour",2314,2019-05-09 23:52:16,2019-05-12 10:02:27,44.9202516530958,-62.5386218284875
"71","V2LNSSA-09B-2019-05-09","Sheet Harbour passage",4,2019-05-09 22:12:59,2019-05-09 22:22:48,44.8665695404,-62.4962837203505
"72","V2LNSSA-09B-2019-05-09","West River upper",2,2019-05-09 09:36:00,2019-05-09 09:36:00,44.9585454198472,-62.6177866412211
"73","V2LNSSA-09C-2019-05-09","Sheet Harbour",1473,2019-05-09 23:50:12,2019-05-11 00:34:22,44.9202516530958,-62.5386218284875
"74","V2LNSSA-09C-2019-05-09","Sheet Harbour passage",11,2019-05-09 21:30:25,2019-05-09 21:44:36,44.8665695404,-62.4962837203505
"75","V2LNSSA-09C-2019-05-09","West River upper",2,2019-05-09 09:36:00,2019-05-09 09:36:00,44.9585454198472,-62.6177866412211
"76","V2LNSSA-09D-2019-05-09","Sheet Harbour",56,2019-05-11 11:12:57,2019-05-11 12:00:49,44.9202516530958,-62.5386218284875
"77","V2LNSSA-09D-2019-05-09","Sheet Harbour passage",5,2019-05-09 20:04:14,2019-05-09 20:12:19,44.8665695404,-62.4962837203505
"78","V2LNSSA-09D-2019-05-09","West River upper",2,2019-05-09 09:36:00,2019-05-09 09:36:00,44.9585454198472,-62.6177866412211
"79","V2LNSSA-10B-2019-05-09","Sheet Harbour",1515,2019-05-11 00:16:25,2019-05-12 10:04:34,44.9202516530958,-62.5386218284875
"80","V2LNSSA-10B-2019-05-09","West River upper",2,2019-05-09 09:36:00,2019-05-09 09:36:00,44.9585454198472,-62.6177866412211
"81","V2LNSSA-10C-2019-05-09","Sheet Harbour",3837,2019-05-12 00:43:34,2019-05-14 18:27:47,44.9202516530958,-62.5386218284875
"82","V2LNSSA-10C-2019-05-09","Sheet Harbour passage",35,2019-05-11 20:44:08,2019-05-11 22:23:14,44.8665695404,-62.4962837203505
"83","V2LNSSA-10C-2019-05-09","West River upper",2,2019-05-09 09:36:00,2019-05-09 09:36:00,44.9585454198472,-62.6177866412211
"84","V2LNSSA-10D-2019-05-09","Sheet Harbour",928,2019-05-11 00:50:36,2019-06-25 08:43:00,44.9202516530958,-62.5386218284875
"85","V2LNSSA-10D-2019-05-09","Sheet Harbour estuary",70,2019-05-12 18:02:32,2019-05-15 20:40:12,44.8958021924533,-62.4850195539726
"86","V2LNSSA-10D-2019-05-09","Sheet Harbour passage",53,2019-05-10 10:42:44,2019-05-14 00:43:49,44.8665695404,-62.4962837203505
"87","V2LNSSA-10D-2019-05-09","West River upper",2,2019-05-09 09:36:00,2019-05-09 09:36:00,44.9585454198472,-62.6177866412211
"88","V2LNSSA-11A-2019-05-09","Sheet Harbour passage",16,2019-05-11 20:45:13,2019-05-11 21:15:40,44.8665695404,-62.4962837203505
"89","V2LNSSA-11A-2019-05-09","West River upper",2,2019-05-09 09:36:00,2019-05-09 09:36:00,44.9585454198472,-62.6177866412211
"90","V2LNSSA-11B-2019-05-09","Sheet Harbour",1491,2019-05-13 00:07:20,2019-05-19 13:55:01,44.9202516530958,-62.5386218284875
"91","V2LNSSA-11B-2019-05-09","Sheet Harbour estuary",32,2019-05-14 03:35:29,2019-05-15 18:36:08,44.8958021924533,-62.4850195539726
"92","V2LNSSA-11B-2019-05-09","Sheet Harbour passage",62,2019-05-12 07:00:05,2019-05-12 09:08:49,44.8665695404,-62.4962837203505
"93","V2LNSSA-11B-2019-05-09","West River upper",2,2019-05-09 09:36:00,2019-05-09 09:36:00,44.9585454198472,-62.6177866412211
"94","V2LNSSA-11C-2019-05-09","Sheet Harbour",3030,2019-05-10 02:12:10,2019-05-21 23:04:14,44.9202516530958,-62.5386218284875
"95","V2LNSSA-11C-2019-05-09","Sheet Harbour estuary",5182,2019-05-12 13:40:26,2019-06-15 20:21:42,44.8958021924533,-62.4850195539726
"96","V2LNSSA-11C-2019-05-09","Sheet Harbour passage",133,2019-05-09 22:08:38,2019-06-17 14:21:34,44.8665695404,-62.4962837203505
"97","V2LNSSA-11C-2019-05-09","West River upper",2,2019-05-09 09:36:00,2019-05-09 09:36:00,44.9585454198472,-62.6177866412211
"98","V2LNSSA-11D-2019-05-09","Sheet Harbour",1873,2019-05-12 01:14:21,2019-05-27 20:05:45,44.9202516530958,-62.5386218284875
"99","V2LNSSA-11D-2019-05-09","Sheet Harbour estuary",1933,2019-05-25 02:20:55,2019-06-07 04:29:38,44.8958021924533,-62.4850195539726
"100","V2LNSSA-11D-2019-05-09","Sheet Harbour passage",52,2019-05-12 00:06:04,2019-06-08 13:04:03,44.8665695404,-62.4962837203505
"101","V2LNSSA-11D-2019-05-09","West River upper",2,2019-05-09 09:36:00,2019-05-09 09:36:00,44.9585454198472,-62.6177866412211
"102","V2LNSSA-12A-2019-05-09","Sheet Harbour",5211,2019-05-10 00:16:09,2019-06-10 03:42:05,44.9202516530958,-62.5386218284875
"103","V2LNSSA-12A-2019-05-09","Sheet Harbour estuary",2154,2019-05-14 01:38:31,2019-06-13 23:14:01,44.8958021924533,-62.4850195539726
"104","V2LNSSA-12A-2019-05-09","Sheet Harbour passage",52,2019-05-09 19:44:05,2019-06-15 23:54:47,44.8665695404,-62.4962837203505
"105","V2LNSSA-12A-2019-05-09","West River upper",2,2019-05-09 09:36:00,2019-05-09 09:36:00,44.9585454198472,-62.6177866412211
"106","V2LNSSA-12B-2019-05-09","Sheet Harbour",5474,2019-05-14 00:10:39,2019-06-12 17:28:16,44.9202516530958,-62.5386218284875
"107","V2LNSSA-12B-2019-05-09","Sheet Harbour estuary",3832,2019-05-20 07:50:01,2019-06-13 11:13:53,44.8958021924533,-62.4850195539726
"108","V2LNSSA-12B-2019-05-09","Sheet Harbour passage",68,2019-05-13 16:31:45,2019-06-07 09:01:43,44.8665695404,-62.4962837203505
"109","V2LNSSA-12B-2019-05-09","West River upper",2,2019-05-09 09:36:00,2019-05-09 09:36:00,44.9585454198472,-62.6177866412211
"110","V2LNSSA-12C-2019-05-09","Sheet Harbour",286,2019-05-11 07:14:22,2019-05-11 11:52:04,44.9202516530958,-62.5386218284875
"111","V2LNSSA-12C-2019-05-09","Sheet Harbour passage",75,2019-05-11 04:35:46,2019-05-11 06:42:08,44.8665695404,-62.4962837203505
"112","V2LNSSA-12C-2019-05-09","West River upper",2,2019-05-09 09:36:00,2019-05-09 09:36:00,44.9585454198472,-62.6177866412211
"113","V2LNSSA-12D-2019-05-09","Sheet Harbour",733,2019-05-11 00:25:31,2019-05-12 09:01:30,44.9202516530958,-62.5386218284875
"114","V2LNSSA-12D-2019-05-09","Sheet Harbour passage",18,2019-05-10 18:26:04,2019-05-10 22:59:49,44.8665695404,-62.4962837203505
"115","V2LNSSA-12D-2019-05-09","West River upper",2,2019-05-09 09:36:00,2019-05-09 09:36:00,44.9585454198472,-62.6177866412211
"116","V2LNSSA-15A-2019-05-09","Sheet Harbour",5802,2019-05-12 00:48:44,2019-06-11 14:37:59,44.9202516530958,-62.5386218284875
"117","V2LNSSA-15A-2019-05-09","Sheet Harbour estuary",5238,2019-05-23 00:27:53,2019-06-12 22:28:25,44.8958021924533,-62.4850195539726
"118","V2LNSSA-15A-2019-05-09","Sheet Harbour passage",63,2019-05-10 01:02:33,2019-06-13 02:29:54,44.8665695404,-62.4962837203505
"119","V2LNSSA-15A-2019-05-09","West River upper",2,2019-05-09 09:36:00,2019-05-09 09:36:00,44.9585454198472,-62.6177866412211
"120","V2LNSSA-15B-2019-05-09","Sheet Harbour",1649,2019-05-13 00:30:35,2019-06-03 17:26:35,44.9202516530958,-62.5386218284875
"121","V2LNSSA-15B-2019-05-09","Sheet Harbour estuary",1603,2019-05-17 14:36:46,2019-06-06 16:32:03,44.8958021924533,-62.4850195539726
"122","V2LNSSA-15B-2019-05-09","Sheet Harbour passage",27,2019-05-12 12:17:04,2019-06-07 03:18:22,44.8665695404,-62.4962837203505
"123","V2LNSSA-15B-2019-05-09","West River upper",2,2019-05-09 09:36:00,2019-05-09 09:36:00,44.9585454198472,-62.6177866412211
"124","V2LNSSA-15C-2019-05-09","Sheet Harbour",1157,2019-05-11 01:14:27,2019-06-01 22:04:42,44.9202516530958,-62.5386218284875
"125","V2LNSSA-15C-2019-05-09","Sheet Harbour estuary",1092,2019-05-16 04:30:01,2019-06-06 23:25:34,44.8958021924533,-62.4850195539726
"126","V2LNSSA-15C-2019-05-09","Sheet Harbour passage",533,2019-05-10 07:36:34,2019-06-07 03:01:02,44.8665695404,-62.4962837203505
"127","V2LNSSA-15C-2019-05-09","West River upper",2,2019-05-09 09:36:00,2019-05-09 09:36:00,44.9585454198472,-62.6177866412211
"128","V2LNSSA-15D-2019-05-09","West River upper",2,2019-05-09 09:36:00,2019-05-09 09:36:00,44.9585454198472,-62.6177866412211
"129","V2LNSSA-16C-2019-05-09","Sheet Harbour",2610,2019-05-10 08:31:36,2019-06-01 23:01:09,44.9202516530958,-62.5386218284875
"130","V2LNSSA-16C-2019-05-09","Sheet Harbour estuary",770,2019-05-19 18:11:17,2019-06-02 10:00:05,44.8958021924533,-62.4850195539726
"131","V2LNSSA-16C-2019-05-09","Sheet Harbour passage",8,2019-05-09 23:07:58,2019-05-09 23:19:21,44.8665695404,-62.4962837203505
"132","V2LNSSA-16C-2019-05-09","West River upper",2,2019-05-09 09:36:00,2019-05-09 09:36:00,44.9585454198472,-62.6177866412211
"133","V2LNSSA-17A-2019-05-10","Sheet Harbour",3632,2019-05-12 23:52:16,2019-06-06 23:51:00,44.9202516530958,-62.5386218284875
"134","V2LNSSA-17A-2019-05-10","Sheet Harbour estuary",784,2019-05-18 19:55:13,2019-06-07 03:08:17,44.8958021924533,-62.4850195539726
"135","V2LNSSA-17A-2019-05-10","Sheet Harbour passage",104,2019-05-12 10:38:33,2019-06-07 21:51:04,44.8665695404,-62.4962837203505
"136","V2LNSSA-17A-2019-05-10","West River upper",2,2019-05-10 09:36:00,2019-05-10 09:36:00,44.9585454198472,-62.6177866412211
"137","V2LNSSA-17B-2019-05-10","Sheet Harbour",4087,2019-05-13 00:25:12,2019-05-18 19:04:07,44.9202516530958,-62.5386218284875
"138","V2LNSSA-17B-2019-05-10","Sheet Harbour passage",35,2019-05-12 07:19:54,2019-05-12 09:05:58,44.8665695404,-62.4962837203505
"139","V2LNSSA-17B-2019-05-10","West River upper",2,2019-05-10 09:36:00,2019-05-10 09:36:00,44.9585454198472,-62.6177866412211
"140","V2LNSSA-17C-2019-05-10","Sheet Harbour passage",88,2019-05-12 05:40:49,2019-05-12 08:35:06,44.8665695404,-62.4962837203505
"141","V2LNSSA-17C-2019-05-10","West River upper",2,2019-05-10 09:36:00,2019-05-10 09:36:00,44.9585454198472,-62.6177866412211
"142","V2LNSSA-17D-2019-05-10","Sheet Harbour passage",34,2019-05-12 05:00:35,2019-05-12 06:26:02,44.8665695404,-62.4962837203505
"143","V2LNSSA-17D-2019-05-10","West River upper",2,2019-05-10 09:36:00,2019-05-10 09:36:00,44.9585454198472,-62.6177866412211
"144","V2LNSSA-18A-2019-05-10","Sheet Harbour",2518,2019-05-13 00:23:51,2019-05-16 12:44:38,44.9202516530958,-62.5386218284875
"145","V2LNSSA-18A-2019-05-10","Sheet Harbour passage",84,2019-05-12 04:40:36,2019-05-12 08:09:43,44.8665695404,-62.4962837203505
"146","V2LNSSA-18A-2019-05-10","West River upper",2,2019-05-10 09:36:00,2019-05-10 09:36:00,44.9585454198472,-62.6177866412211
"147","V2LNSSA-18B-2019-05-10","Sheet Harbour",9240,2019-05-13 00:23:02,2019-06-10 15:24:21,44.9202516530958,-62.5386218284875
"148","V2LNSSA-18B-2019-05-10","Sheet Harbour estuary",804,2019-06-02 01:10:29,2019-06-10 23:15:15,44.8958021924533,-62.4850195539726
"149","V2LNSSA-18B-2019-05-10","Sheet Harbour passage",31,2019-05-12 09:06:04,2019-06-07 12:36:40,44.8665695404,-62.4962837203505
"150","V2LNSSA-18B-2019-05-10","West River upper",2,2019-05-10 09:36:00,2019-05-10 09:36:00,44.9585454198472,-62.6177866412211
"151","V2LNSSA-18C-2019-05-10","West River upper",2,2019-05-10 09:36:00,2019-05-10 09:36:00,44.9585454198472,-62.6177866412211
"152","V2LNSSA-18D-2019-05-10","Sheet Harbour",14102,2019-05-19 00:32:36,2019-06-04 21:49:59,44.9202516530958,-62.5386218284875
"153","V2LNSSA-18D-2019-05-10","Sheet Harbour estuary",2213,2019-06-02 02:56:44,2019-06-15 05:39:54,44.8958021924533,-62.4850195539726
"154","V2LNSSA-18D-2019-05-10","Sheet Harbour passage",25,2019-05-18 22:19:01,2019-06-16 23:55:23,44.8665695404,-62.4962837203505
"155","V2LNSSA-18D-2019-05-10","West River upper",2,2019-05-10 09:36:00,2019-05-10 09:36:00,44.9585454198472,-62.6177866412211
"156","V2LNSSA-19A-2019-05-10","Sheet Harbour",4926,2019-05-14 02:46:11,2019-05-19 00:53:53,44.9202516530958,-62.5386218284875
"157","V2LNSSA-19A-2019-05-10","Sheet Harbour passage",134,2019-05-13 15:25:30,2019-05-14 02:00:59,44.8665695404,-62.4962837203505
"158","V2LNSSA-19A-2019-05-10","West River upper",2,2019-05-10 09:36:00,2019-05-10 09:36:00,44.9585454198472,-62.6177866412211
"159","V2LNSSA-19B-2019-05-10","Sheet Harbour",298,2019-05-13 00:21:06,2019-05-13 09:53:36,44.9202516530958,-62.5386218284875
"160","V2LNSSA-19B-2019-05-10","Sheet Harbour passage",311,2019-05-12 08:49:59,2019-05-12 22:57:58,44.8665695404,-62.4962837203505
"161","V2LNSSA-19B-2019-05-10","West River upper",2,2019-05-10 09:36:00,2019-05-10 09:36:00,44.9585454198472,-62.6177866412211
"162","V2LNSSA-19C-2019-05-10","Sheet Harbour",112,2019-05-16 06:08:24,2019-05-16 09:16:56,44.9202516530958,-62.5386218284875
"163","V2LNSSA-19C-2019-05-10","Sheet Harbour passage",71,2019-05-16 02:46:24,2019-05-16 05:54:38,44.8665695404,-62.4962837203505
"164","V2LNSSA-19C-2019-05-10","West River upper",2,2019-05-10 09:36:00,2019-05-10 09:36:00,44.9585454198472,-62.6177866412211
"165","V2LNSSA-19D-2019-05-10","Sheet Harbour",2457,2019-05-15 00:25:17,2019-06-14 09:55:05,44.9202516530958,-62.5386218284875
"166","V2LNSSA-19D-2019-05-10","Sheet Harbour estuary",2135,2019-05-19 10:41:57,2019-06-15 21:54:43,44.8958021924533,-62.4850195539726
"167","V2LNSSA-19D-2019-05-10","Sheet Harbour passage",125,2019-05-14 15:36:35,2019-06-16 22:10:27,44.8665695404,-62.4962837203505
"168","V2LNSSA-19D-2019-05-10","West River upper",2,2019-05-10 09:36:00,2019-05-10 09:36:00,44.9585454198472,-62.6177866412211
"169","V2LNSSA-21A-2019-05-10","Sheet Harbour",3351,2019-05-13 00:53:08,2019-06-15 02:55:08,44.9202516530958,-62.5386218284875
"170","V2LNSSA-21A-2019-05-10","Sheet Harbour estuary",722,2019-06-05 06:48:28,2019-06-15 20:30:39,44.8958021924533,-62.4850195539726
"171","V2LNSSA-21A-2019-05-10","Sheet Harbour passage",27,2019-05-12 09:24:53,2019-06-16 15:09:59,44.8665695404,-62.4962837203505
"172","V2LNSSA-21A-2019-05-10","West River upper",2,2019-05-10 09:36:00,2019-05-10 09:36:00,44.9585454198472,-62.6177866412211
"173","V2LNSSA-21B-2019-05-10","Sheet Harbour",20191,2019-05-15 18:45:49,2019-06-25 08:37:26,44.9202516530958,-62.5386218284875
"174","V2LNSSA-21B-2019-05-10","West River upper",2,2019-05-10 09:36:00,2019-05-10 09:36:00,44.9585454198472,-62.6177866412211
"175","V2LNSSA-21C-2019-05-10","Sheet Harbour",1139,2019-05-13 00:08:34,2019-05-13 23:42:36,44.9202516530958,-62.5386218284875
"176","V2LNSSA-21C-2019-05-10","Sheet Harbour passage",18,2019-05-12 13:23:49,2019-05-12 15:06:41,44.8665695404,-62.4962837203505
"177","V2LNSSA-21C-2019-05-10","West River upper",2,2019-05-10 09:36:00,2019-05-10 09:36:00,44.9585454198472,-62.6177866412211
"178","V2LNSSA-27A-2019-05-11","Sheet Harbour",1800,2019-05-14 00:18:17,2019-05-24 04:43:34,44.9202516530958,-62.5386218284875
"179","V2LNSSA-27A-2019-05-11","Sheet Harbour estuary",1494,2019-05-20 03:26:49,2019-06-06 22:40:03,44.8958021924533,-62.4850195539726
"180","V2LNSSA-27A-2019-05-11","Sheet Harbour passage",37,2019-05-13 17:40:32,2019-06-07 13:42:02,44.8665695404,-62.4962837203505
"181","V2LNSSA-27A-2019-05-11","West River upper",2,2019-05-11 09:36:00,2019-05-11 09:36:00,44.9585454198472,-62.6177866412211
"182","V2LNSSA-27B-2019-05-11","Sheet Harbour",14608,2019-05-13 02:52:59,2019-05-22 14:23:03,44.9202516530958,-62.5386218284875
"183","V2LNSSA-27B-2019-05-11","Sheet Harbour passage",7,2019-05-12 12:19:38,2019-05-12 12:35:03,44.8665695404,-62.4962837203505
"184","V2LNSSA-27B-2019-05-11","West River upper",2,2019-05-11 09:36:00,2019-05-11 09:36:00,44.9585454198472,-62.6177866412211
"185","V2LNSSA-27C-2019-05-11","Sheet Harbour",1645,2019-05-12 00:32:53,2019-06-03 13:21:06,44.9202516530958,-62.5386218284875
"186","V2LNSSA-27C-2019-05-11","Sheet Harbour estuary",1606,2019-05-23 03:32:30,2019-06-06 22:33:18,44.8958021924533,-62.4850195539726
"187","V2LNSSA-27C-2019-05-11","Sheet Harbour passage",12,2019-05-11 23:26:33,2019-06-07 06:38:08,44.8665695404,-62.4962837203505
"188","V2LNSSA-27C-2019-05-11","West River upper",2,2019-05-11 09:36:00,2019-05-11 09:36:00,44.9585454198472,-62.6177866412211
"189","V2LNSSA-27D-2019-05-11","Sheet Harbour",3874,2019-05-13 01:24:51,2019-06-03 23:25:41,44.9202516530958,-62.5386218284875
"190","V2LNSSA-27D-2019-05-11","Sheet Harbour estuary",3485,2019-05-18 03:59:56,2019-06-06 22:25:18,44.8958021924533,-62.4850195539726
"191","V2LNSSA-27D-2019-05-11","Sheet Harbour passage",200,2019-05-12 05:27:21,2019-06-08 03:38:20,44.8665695404,-62.4962837203505
"192","V2LNSSA-27D-2019-05-11","West River upper",2,2019-05-11 09:36:00,2019-05-11 09:36:00,44.9585454198472,-62.6177866412211
"193","V2LNSSA-28A-2019-05-11","Sheet Harbour",89,2019-05-12 09:05:49,2019-05-12 11:48:52,44.9202516530958,-62.5386218284875
"194","V2LNSSA-28A-2019-05-11","Sheet Harbour passage",29,2019-05-12 07:36:44,2019-05-12 08:32:22,44.8665695404,-62.4962837203505
"195","V2LNSSA-28A-2019-05-11","West River upper",2,2019-05-11 09:36:00,2019-05-11 09:36:00,44.9585454198472,-62.6177866412211
"196","V2LNSSA-28B-2019-05-11","Sheet Harbour",2850,2019-05-13 00:06:46,2019-06-04 04:21:58,44.9202516530958,-62.5386218284875
"197","V2LNSSA-28B-2019-05-11","Sheet Harbour estuary",3010,2019-05-17 11:38:27,2019-06-06 21:18:21,44.8958021924533,-62.4850195539726
"198","V2LNSSA-28B-2019-05-11","Sheet Harbour passage",78,2019-05-12 07:12:47,2019-06-07 05:59:04,44.8665695404,-62.4962837203505
"199","V2LNSSA-28B-2019-05-11","West River upper",2,2019-05-11 09:36:00,2019-05-11 09:36:00,44.9585454198472,-62.6177866412211
"200","V2LNSSA-28C-2019-05-11","Sheet Harbour",88,2019-05-12 00:22:34,2019-05-12 02:12:37,44.9202516530958,-62.5386218284875
"201","V2LNSSA-28C-2019-05-11","Sheet Harbour passage",13,2019-05-11 23:26:25,2019-05-11 23:51:37,44.8665695404,-62.4962837203505
"202","V2LNSSA-28C-2019-05-11","West River upper",2,2019-05-11 09:36:00,2019-05-11 09:36:00,44.9585454198472,-62.6177866412211
"203","V2LNSSA-28D-2019-05-11","Sheet Harbour",2792,2019-05-14 00:05:50,2019-06-03 23:45:45,44.9202516530958,-62.5386218284875
"204","V2LNSSA-28D-2019-05-11","Sheet Harbour estuary",2912,2019-05-18 18:17:01,2019-06-13 09:24:12,44.8958021924533,-62.4850195539726
"205","V2LNSSA-28D-2019-05-11","Sheet Harbour passage",140,2019-05-13 08:01:50,2019-06-13 20:15:25,44.8665695404,-62.4962837203505
"206","V2LNSSA-28D-2019-05-11","West River upper",2,2019-05-11 09:36:00,2019-05-11 09:36:00,44.9585454198472,-62.6177866412211
"207","V2LNSSA-29A-2019-05-11","Sheet Harbour",17261,2019-05-13 04:18:47,2019-06-04 02:31:11,44.9202516530958,-62.5386218284875
"208","V2LNSSA-29A-2019-05-11","Sheet Harbour estuary",2415,2019-06-02 05:29:58,2019-06-15 22:03:02,44.8958021924533,-62.4850195539726
"209","V2LNSSA-29A-2019-05-11","Sheet Harbour passage",113,2019-05-13 03:35:57,2019-06-17 17:19:01,44.8665695404,-62.4962837203505
"210","V2LNSSA-29A-2019-05-11","West River upper",2,2019-05-11 09:36:00,2019-05-11 09:36:00,44.9585454198472,-62.6177866412211
"211","V2LNSSA-29B-2019-05-11","Sheet Harbour",5512,2019-05-13 00:54:36,2019-06-02 17:17:23,44.9202516530958,-62.5386218284875
"212","V2LNSSA-29B-2019-05-11","Sheet Harbour estuary",140,2019-05-16 22:02:35,2019-05-18 22:03:01,44.8958021924533,-62.4850195539726
"213","V2LNSSA-29B-2019-05-11","Sheet Harbour passage",7,2019-05-12 16:01:35,2019-05-12 16:13:02,44.8665695404,-62.4962837203505
"214","V2LNSSA-29B-2019-05-11","West River upper",2,2019-05-11 09:36:00,2019-05-11 09:36:00,44.9585454198472,-62.6177866412211
"215","V2LNSSA-29C-2019-05-11","Sheet Harbour",480,2019-05-13 00:16:01,2019-05-13 12:24:59,44.9202516530958,-62.5386218284875
"216","V2LNSSA-29C-2019-05-11","Sheet Harbour passage",13,2019-05-12 08:05:11,2019-05-12 08:33:24,44.8665695404,-62.4962837203505
"217","V2LNSSA-29C-2019-05-11","West River upper",2,2019-05-11 09:36:00,2019-05-11 09:36:00,44.9585454198472,-62.6177866412211
"218","V2LNSSA-29D-2019-05-11","Sheet Harbour",198,2019-05-13 00:47:19,2019-05-13 11:13:39,44.9202516530958,-62.5386218284875
"219","V2LNSSA-29D-2019-05-11","Sheet Harbour passage",9,2019-05-12 17:02:29,2019-05-12 17:16:22,44.8665695404,-62.4962837203505
"220","V2LNSSA-29D-2019-05-11","West River upper",2,2019-05-11 09:36:00,2019-05-11 09:36:00,44.9585454198472,-62.6177866412211
"221","V2LNSSA-30A-2019-05-11","Sheet Harbour passage",55,2019-05-15 08:49:01,2019-05-15 11:17:47,44.8665695404,-62.4962837203505
"222","V2LNSSA-30A-2019-05-11","West River upper",2,2019-05-11 09:36:00,2019-05-11 09:36:00,44.9585454198472,-62.6177866412211
"223","V2LNSSA-30D-2019-05-11","Sheet Harbour",2827,2019-05-13 00:07:43,2019-05-16 10:12:26,44.9202516530958,-62.5386218284875
"224","V2LNSSA-30D-2019-05-11","Sheet Harbour passage",46,2019-05-12 11:01:53,2019-05-12 13:16:02,44.8665695404,-62.4962837203505
"225","V2LNSSA-30D-2019-05-11","West River upper",2,2019-05-11 09:36:00,2019-05-11 09:36:00,44.9585454198472,-62.6177866412211
"226","V2LNSSA-31A-2019-05-11","Sheet Harbour",1885,2019-05-13 00:14:31,2019-05-16 14:42:43,44.9202516530958,-62.5386218284875
"227","V2LNSSA-31A-2019-05-11","Sheet Harbour passage",17,2019-05-12 12:29:05,2019-05-12 13:03:19,44.8665695404,-62.4962837203505
"228","V2LNSSA-31A-2019-05-11","West River upper",2,2019-05-11 09:36:00,2019-05-11 09:36:00,44.9585454198472,-62.6177866412211
"229","V2LNSSA-31B-2019-05-11","Sheet Harbour",7930,2019-05-13 00:18:22,2019-06-11 05:06:52,44.9202516530958,-62.5386218284875
"230","V2LNSSA-31B-2019-05-11","Sheet Harbour estuary",1099,2019-05-30 06:26:14,2019-06-12 21:45:27,44.8958021924533,-62.4850195539726
"231","V2LNSSA-31B-2019-05-11","Sheet Harbour passage",80,2019-05-12 16:36:50,2019-06-13 16:24:14,44.8665695404,-62.4962837203505
"232","V2LNSSA-31B-2019-05-11","West River upper",2,2019-05-11 09:36:00,2019-05-11 09:36:00,44.9585454198472,-62.6177866412211
"233","V2LNSSA-31D-2019-05-11","Sheet Harbour",2,2019-05-12 19:43:54,2019-05-12 19:45:47,44.9202516530958,-62.5386218284875
"234","V2LNSSA-31D-2019-05-11","Sheet Harbour passage",7,2019-05-12 17:03:28,2019-05-12 17:12:23,44.8665695404,-62.4962837203505
"235","V2LNSSA-31D-2019-05-11","West River upper",2,2019-05-11 09:36:00,2019-05-11 09:36:00,44.9585454198472,-62.6177866412211
"236","V2LNSSA-1343283-2021-04-28","West River",61,2021-04-29 14:49:28,2021-04-30 17:31:34,44.9382000000021,-62.562089999998
"237","V2LNSSA-1343284-2021-04-28","Sheet Harbour",1496,2021-05-01 18:39:00,2021-06-01 11:51:34,44.9202516530958,-62.5386218284875
"238","V2LNSSA-1343284-2021-04-28","Sheet Harbour estuary",11133,2021-05-03 10:20:56,2021-06-05 19:54:22,44.8958021924533,-62.4850195539726
"239","V2LNSSA-1343284-2021-04-28","Sheet Harbour passage",9322,2021-05-24 08:32:55,2021-06-28 13:59:47,44.8665695404,-62.4962837203505
"240","V2LNSSA-1343284-2021-04-28","West River",4,2021-05-01 06:28:17,2021-05-01 06:33:37,44.9382000000021,-62.562089999998
"241","V2LNSSA-1343285-2021-04-28","Sheet Harbour",5356,2021-05-08 00:24:06,2021-05-31 17:49:27,44.9202516530958,-62.5386218284875
"242","V2LNSSA-1343285-2021-04-28","Sheet Harbour estuary",9779,2021-05-12 07:13:30,2021-06-05 01:06:08,44.8958021924533,-62.4850195539726
"243","V2LNSSA-1343285-2021-04-28","Sheet Harbour passage",312,2021-05-14 08:22:42,2021-06-06 14:03:54,44.8665695404,-62.4962837203505
"244","V2LNSSA-1343285-2021-04-28","St. Anns Bank MPA",2,2021-06-14 04:20:48,2021-06-14 04:26:17,46.014734054054,-58.99753
"245","V2LNSSA-1343285-2021-04-28","West River",114,2021-05-06 22:32:06,2021-05-07 14:29:44,44.9382000000021,-62.562089999998
"246","V2LNSSA-1343286-2021-04-28","Grand Banks of NL",3,2021-06-28 22:08:33,2021-06-28 22:10:44,46.8775407272727,-51.2342329090909
"247","V2LNSSA-1343286-2021-04-28","Sheet Harbour",6369,2021-05-01 19:06:50,2021-05-27 09:21:10,44.9202516530958,-62.5386218284875
"248","V2LNSSA-1343286-2021-04-28","Sheet Harbour estuary",13925,2021-05-11 12:11:13,2021-06-04 20:43:30,44.8958021924533,-62.4850195539726
"249","V2LNSSA-1343286-2021-04-28","Sheet Harbour passage",87,2021-05-16 07:02:22,2021-06-05 10:48:28,44.8665695404,-62.4962837203505
"250","V2LNSSA-1343286-2021-04-28","West River",120,2021-04-29 12:23:02,2021-05-01 05:18:17,44.9382000000021,-62.562089999998
"251","V2LNSSA-1343287-2021-04-28","Sheet Harbour",1590,2021-05-05 00:39:36,2021-05-05 13:57:33,44.9202516530958,-62.5386218284875
"252","V2LNSSA-1343287-2021-04-28","West River",19,2021-04-29 10:31:05,2021-04-29 13:36:05,44.9382000000021,-62.562089999998
"253","V2LNSSA-1343288-2021-04-28","ESI Moser River",5,2021-06-07 11:27:38,2021-06-07 11:43:08,44.8517599999999,-62.101015217391
"254","V2LNSSA-1343288-2021-04-28","Sheet Harbour",510,2021-05-01 05:46:42,2021-06-01 10:15:06,44.9202516530958,-62.5386218284875
"255","V2LNSSA-1343288-2021-04-28","Sheet Harbour estuary",9340,2021-05-01 19:21:53,2021-06-06 06:48:39,44.8958021924533,-62.4850195539726
"256","V2LNSSA-1343288-2021-04-28","Sheet Harbour passage",73,2021-05-17 08:51:54,2021-06-06 13:54:46,44.8665695404,-62.4962837203505
"257","V2LNSSA-1343288-2021-04-28","West River",62,2021-04-30 18:36:26,2021-05-01 00:50:35,44.9382000000021,-62.562089999998
"258","V2LNSSA-1343289-2021-04-28","Sheet Harbour",896,2021-05-04 02:33:34,2021-06-01 13:09:57,44.9202516530958,-62.5386218284875
"259","V2LNSSA-1343289-2021-04-28","Sheet Harbour estuary",14685,2021-05-05 02:22:54,2021-06-08 23:38:07,44.8958021924533,-62.4850195539726
"260","V2LNSSA-1343289-2021-04-28","Sheet Harbour passage",291,2021-05-14 06:45:29,2021-06-09 12:15:50,44.8665695404,-62.4962837203505
"261","V2LNSSA-1343289-2021-04-28","West River",91,2021-05-02 12:59:10,2021-05-03 20:51:21,44.9382000000021,-62.562089999998
"262","V2LNSSA-1343290-2021-04-28","Sheet Harbour",482,2021-04-30 19:48:04,2021-05-27 17:46:29,44.9202516530958,-62.5386218284875
"263","V2LNSSA-1343290-2021-04-28","Sheet Harbour estuary",8156,2021-05-01 05:27:46,2021-05-30 21:32:06,44.8958021924533,-62.4850195539726
"264","V2LNSSA-1343290-2021-04-28","Sheet Harbour passage",105,2021-05-19 08:29:00,2021-05-31 08:45:15,44.8665695404,-62.4962837203505
"265","V2LNSSA-1343290-2021-04-28","West River",63,2021-04-29 09:18:19,2021-04-29 23:38:29,44.9382000000021,-62.562089999998
"266","V2LNSSA-1343292-2021-04-28","ESI Moser River",10,2021-06-03 17:32:32,2021-06-03 17:51:26,44.8517599999999,-62.101015217391
"267","V2LNSSA-1343292-2021-04-28","Sheet Harbour",3970,2021-04-29 23:55:27,2021-06-01 13:14:45,44.9202516530958,-62.5386218284875
"268","V2LNSSA-1343292-2021-04-28","Sheet Harbour estuary",9762,2021-05-09 11:08:05,2021-06-02 12:22:34,44.8958021924533,-62.4850195539726
"269","V2LNSSA-1343292-2021-04-28","Sheet Harbour passage",410,2021-05-09 15:10:56,2021-06-02 18:31:11,44.8665695404,-62.4962837203505
"270","V2LNSSA-1343292-2021-04-28","West River",24,2021-04-29 11:13:51,2021-04-29 12:54:31,44.9382000000021,-62.562089999998
"271","V2LNSSA-1343293-2021-04-28","Sheet Harbour",206,2021-05-01 05:42:13,2021-05-01 08:54:32,44.9202516530958,-62.5386218284875
"272","V2LNSSA-1343293-2021-04-28","West River",30,2021-04-30 20:55:01,2021-04-30 22:46:43,44.9382000000021,-62.562089999998
"273","V2LNSSA-1343294-2021-04-28","Sheet Harbour",2063,2021-04-30 18:41:50,2021-05-31 13:40:09,44.9202516530958,-62.5386218284875
"274","V2LNSSA-1343294-2021-04-28","Sheet Harbour estuary",17629,2021-05-01 23:02:30,2021-05-31 19:01:41,44.8958021924533,-62.4850195539726
"275","V2LNSSA-1343294-2021-04-28","Sheet Harbour passage",115,2021-05-24 23:58:32,2021-05-31 21:31:15,44.8665695404,-62.4962837203505
"276","V2LNSSA-1343294-2021-04-28","West River",7,2021-04-30 13:22:02,2021-04-30 13:32:52,44.9382000000021,-62.562089999998
"277","V2LNSSA-1343295-2021-04-28","Sheet Harbour",3846,2021-05-02 03:32:17,2021-06-01 11:41:45,44.9202516530958,-62.5386218284875
"278","V2LNSSA-1343295-2021-04-28","Sheet Harbour estuary",10263,2021-05-10 00:21:07,2021-06-06 07:53:59,44.8958021924533,-62.4850195539726
"279","V2LNSSA-1343295-2021-04-28","Sheet Harbour passage",5,2021-06-05 14:31:54,2021-06-06 16:18:07,44.8665695404,-62.4962837203505
"280","V2LNSSA-1343295-2021-04-28","West River",99,2021-04-30 17:46:20,2021-05-02 00:10:38,44.9382000000021,-62.562089999998
"281","V2LNSSA-1343297-2021-04-28","Sheet Harbour",498,2021-05-01 23:52:59,2021-05-31 13:31:18,44.9202516530958,-62.5386218284875
"282","V2LNSSA-1343297-2021-04-28","Sheet Harbour estuary",13341,2021-05-02 10:39:59,2021-06-01 19:40:49,44.8958021924533,-62.4850195539726
"283","V2LNSSA-1343297-2021-04-28","Sheet Harbour passage",222,2021-05-04 17:22:43,2021-06-02 17:36:10,44.8665695404,-62.4962837203505
"284","V2LNSSA-1343297-2021-04-28","West River",53,2021-04-30 11:14:10,2021-05-01 15:19:40,44.9382000000021,-62.562089999998
"285","V2LNSSA-1343298-2021-04-28","Sheet Harbour",3063,2021-05-05 00:33:32,2021-05-07 20:45:43,44.9202516530958,-62.5386218284875
"286","V2LNSSA-1343298-2021-04-28","Sheet Harbour estuary",8416,2021-05-07 21:56:30,2021-05-28 23:50:14,44.8958021924533,-62.4850195539726
"287","V2LNSSA-1343298-2021-04-28","Sheet Harbour passage",89,2021-05-11 08:12:55,2021-05-29 06:58:37,44.8665695404,-62.4962837203505
"288","V2LNSSA-1343298-2021-04-28","West River",8,2021-05-04 13:47:18,2021-05-04 14:37:58,44.9382000000021,-62.562089999998
"289","V2LNSSA-1343299-2021-04-28","ESI Moser River",7,2021-05-30 09:26:03,2021-05-30 09:40:41,44.8517599999999,-62.101015217391
"290","V2LNSSA-1343299-2021-04-28","Sheet Harbour",5871,2021-05-08 00:44:23,2021-05-12 00:53:47,44.9202516530958,-62.5386218284875
"291","V2LNSSA-1343299-2021-04-28","Sheet Harbour estuary",3601,2021-05-12 03:26:28,2021-05-28 00:21:00,44.8958021924533,-62.4850195539726
"292","V2LNSSA-1343299-2021-04-28","Sheet Harbour passage",248,2021-05-13 03:38:10,2021-05-24 05:28:19,44.8665695404,-62.4962837203505
"293","V2LNSSA-1343299-2021-04-28","West River",74,2021-05-05 22:20:51,2021-05-06 20:17:18,44.9382000000021,-62.562089999998
"294","V2LNSSA-1343300-2021-04-28","Sheet Harbour",6841,2021-05-06 23:41:52,2021-05-31 10:33:28,44.9202516530958,-62.5386218284875
"295","V2LNSSA-1343300-2021-04-28","Sheet Harbour estuary",6187,2021-05-12 07:37:50,2021-06-01 23:57:12,44.8958021924533,-62.4850195539726
"296","V2LNSSA-1343300-2021-04-28","Sheet Harbour passage",174,2021-05-18 08:36:12,2021-06-02 13:51:51,44.8665695404,-62.4962837203505
"297","V2LNSSA-1343300-2021-04-28","West River",510,2021-05-02 18:14:59,2021-05-05 17:49:51,44.9382000000021,-62.562089999998
"298","V2LNSSA-1343301-2021-04-28","Sheet Harbour",3073,2021-05-02 00:07:13,2021-05-20 10:26:59,44.9202516530958,-62.5386218284875
"299","V2LNSSA-1343301-2021-04-28","Sheet Harbour estuary",6916,2021-05-08 05:29:07,2021-05-28 00:41:25,44.8958021924533,-62.4850195539726
"300","V2LNSSA-1343301-2021-04-28","Sheet Harbour passage",149,2021-05-14 08:51:12,2021-05-28 09:39:00,44.8665695404,-62.4962837203505
"301","V2LNSSA-1343301-2021-04-28","West River",27,2021-05-01 16:59:55,2021-05-01 22:25:34,44.9382000000021,-62.562089999998
"302","V2LNSSA-1343302-2021-04-28","Sheet Harbour",341,2021-05-02 04:06:44,2021-05-05 17:23:47,44.9202516530958,-62.5386218284875
"303","V2LNSSA-1343302-2021-04-28","West River",31,2021-05-01 16:53:42,2021-05-01 22:24:41,44.9382000000021,-62.562089999998
"304","V2LNSSA-1343303-2021-04-28","Sheet Harbour",1825,2021-05-07 23:55:28,2021-05-31 14:11:09,44.9202516530958,-62.5386218284875
"305","V2LNSSA-1343303-2021-04-28","Sheet Harbour estuary",9000,2021-05-11 13:57:47,2021-06-01 07:53:15,44.8958021924533,-62.4850195539726
"306","V2LNSSA-1343303-2021-04-28","Sheet Harbour passage",81,2021-05-24 20:07:39,2021-06-01 11:13:03,44.8665695404,-62.4962837203505
"307","V2LNSSA-1343303-2021-04-28","West River",176,2021-05-03 20:55:26,2021-05-04 19:14:46,44.9382000000021,-62.562089999998
"308","V2LNSSA-1343304-2021-04-28","Sheet Harbour",245,2021-05-01 22:59:51,2021-05-02 08:59:59,44.9202516530958,-62.5386218284875
"309","V2LNSSA-1343304-2021-04-28","West River",47,2021-05-01 14:37:14,2021-05-01 19:35:08,44.9382000000021,-62.562089999998
"310","V2LNSSA-1343305-2021-04-28","ESI Moser River",11,2021-06-05 15:42:20,2021-06-05 15:57:00,44.8517599999999,-62.101015217391
"311","V2LNSSA-1343305-2021-04-28","Sheet Harbour",2191,2021-05-02 00:02:24,2021-05-31 15:22:13,44.9202516530958,-62.5386218284875
"312","V2LNSSA-1343305-2021-04-28","Sheet Harbour estuary",13731,2021-05-03 06:38:27,2021-06-01 22:43:21,44.8958021924533,-62.4850195539726
"313","V2LNSSA-1343305-2021-04-28","Sheet Harbour passage",285,2021-05-17 09:43:26,2021-06-02 13:15:09,44.8665695404,-62.4962837203505
"314","V2LNSSA-1343305-2021-04-28","St. Anns Bank MPA",5,2021-06-12 21:07:10,2021-06-12 21:13:45,46.014734054054,-58.99753
"315","V2LNSSA-1343305-2021-04-28","West River",42,2021-05-01 09:37:16,2021-05-01 15:28:39,44.9382000000021,-62.562089999998
"316","V2LNSSA-1343306-2021-04-28","Sheet Harbour",388,2021-05-02 03:54:58,2021-05-26 05:27:26,44.9202516530958,-62.5386218284875
"317","V2LNSSA-1343306-2021-04-28","Sheet Harbour estuary",8716,2021-05-03 23:42:17,2021-05-30 05:14:17,44.8958021924533,-62.4850195539726
"318","V2LNSSA-1343306-2021-04-28","Sheet Harbour passage",29,2021-05-24 20:40:02,2021-05-30 14:43:50,44.8665695404,-62.4962837203505
"319","V2LNSSA-1343306-2021-04-28","West River",32,2021-05-01 10:51:18,2021-05-02 00:08:56,44.9382000000021,-62.562089999998
"320","V2LNSSA-1343307-2021-04-28","Sheet Harbour",7637,2021-05-02 07:11:02,2021-05-29 11:50:07,44.9202516530958,-62.5386218284875
"321","V2LNSSA-1343307-2021-04-28","Sheet Harbour estuary",4779,2021-05-11 06:40:19,2021-05-30 09:45:49,44.8958021924533,-62.4850195539726
"322","V2LNSSA-1343307-2021-04-28","Sheet Harbour passage",250,2021-05-13 05:46:39,2021-05-30 14:12:16,44.8665695404,-62.4962837203505
"323","V2LNSSA-1343307-2021-04-28","West River",25,2021-05-01 22:20:12,2021-05-02 00:11:51,44.9382000000021,-62.562089999998
"324","V2LNSSA-1343308-2021-04-28","West River",32,2021-05-01 06:30:46,2021-05-01 09:35:55,44.9382000000021,-62.562089999998
"325","V2LNSSA-1343309-2021-04-28","Sheet Harbour",647,2021-05-01 23:55:49,2021-06-01 14:47:21,44.9202516530958,-62.5386218284875
"326","V2LNSSA-1343309-2021-04-28","Sheet Harbour estuary",11589,2021-05-03 06:53:16,2021-06-04 22:05:15,44.8958021924533,-62.4850195539726
"327","V2LNSSA-1343309-2021-04-28","Sheet Harbour passage",124,2021-05-18 07:14:00,2021-06-10 23:38:57,44.8665695404,-62.4962837203505
"328","V2LNSSA-1343309-2021-04-28","West River",19,2021-05-01 06:51:50,2021-05-01 08:14:59,44.9382000000021,-62.562089999998
"329","V2LNSSA-1343310-2021-04-28","Grand Banks of NL",5,2021-06-20 17:12:22,2021-06-20 17:21:32,46.8775407272727,-51.2342329090909
"330","V2LNSSA-1343310-2021-04-28","Sheet Harbour",3113,2021-05-03 01:07:22,2021-05-29 23:14:41,44.9202516530958,-62.5386218284875
"331","V2LNSSA-1343310-2021-04-28","Sheet Harbour estuary",8308,2021-05-12 01:15:07,2021-05-31 22:22:18,44.8958021924533,-62.4850195539726
"332","V2LNSSA-1343310-2021-04-28","Sheet Harbour passage",51,2021-05-24 13:24:15,2021-06-01 00:06:14,44.8665695404,-62.4962837203505
"333","V2LNSSA-1343310-2021-04-28","West River",148,2021-05-01 20:58:06,2021-05-02 22:38:26,44.9382000000021,-62.562089999998
"334","V2LNSSA-1343311-2021-04-28","Sheet Harbour",357,2021-05-02 00:07:25,2021-05-25 14:24:16,44.9202516530958,-62.5386218284875
"335","V2LNSSA-1343311-2021-04-28","Sheet Harbour estuary",8527,2021-05-03 19:08:01,2021-05-30 03:54:34,44.8958021924533,-62.4850195539726
"336","V2LNSSA-1343311-2021-04-28","Sheet Harbour passage",50,2021-05-18 08:10:01,2021-05-28 20:26:50,44.8665695404,-62.4962837203505
"337","V2LNSSA-1343311-2021-04-28","West River",39,2021-05-01 07:03:22,2021-05-01 08:37:58,44.9382000000021,-62.562089999998
"338","V2LNSSA-1343312-2021-04-28","West River",17,2021-05-01 06:31:24,2021-05-01 07:14:01,44.9382000000021,-62.562089999998
"339","V2LNSSA-1343313-2021-04-28","Sheet Harbour",8933,2021-05-01 23:42:24,2021-05-07 09:59:07,44.9202516530958,-62.5386218284875
"340","V2LNSSA-1343313-2021-04-28","West River",23,2021-05-01 07:48:38,2021-05-01 09:24:53,44.9382000000021,-62.562089999998
"341","V2LNSSA-1343314-2021-04-28","West River",43,2021-05-04 16:15:04,2021-05-05 10:55:48,44.9382000000021,-62.562089999998
"342","V2LNSSA-1343315-2021-04-28","Sheet Harbour",3176,2021-05-02 00:23:00,2021-05-29 13:09:40,44.9202516530958,-62.5386218284875
"343","V2LNSSA-1343315-2021-04-28","Sheet Harbour estuary",5764,2021-05-05 04:57:47,2021-06-01 19:34:41,44.8958021924533,-62.4850195539726
"344","V2LNSSA-1343315-2021-04-28","Sheet Harbour passage",119,2021-05-05 09:40:27,2021-06-02 14:57:56,44.8665695404,-62.4962837203505
"345","V2LNSSA-1343315-2021-04-28","West River",21,2021-05-01 06:48:25,2021-05-01 09:35:26,44.9382000000021,-62.562089999998
"346","V2LNSSA-1343316-2021-04-28","Sheet Harbour",4301,2021-05-07 09:34:27,2021-06-03 19:23:55,44.9202516530958,-62.5386218284875
"347","V2LNSSA-1343316-2021-04-28","Sheet Harbour estuary",7308,2021-05-15 02:29:53,2021-06-08 02:17:25,44.8958021924533,-62.4850195539726
"348","V2LNSSA-1343316-2021-04-28","Sheet Harbour passage",29,2021-06-02 11:43:42,2021-06-09 23:51:12,44.8665695404,-62.4962837203505
"349","V2LNSSA-1343316-2021-04-28","West River",212,2021-05-05 20:47:57,2021-05-06 14:26:33,44.9382000000021,-62.562089999998
"350","V2LNSSA-1343318-2021-05-11","Sheet Harbour",115,2021-05-11 00:00:23,2021-05-24 17:42:19,44.9202516530958,-62.5386218284875
"351","V2LNSSA-1343318-2021-05-11","Sheet Harbour estuary",7867,2021-05-12 00:42:27,2021-06-05 04:38:18,44.8958021924533,-62.4850195539726
"352","V2LNSSA-1343318-2021-05-11","Sheet Harbour passage",436,2021-05-14 07:20:18,2021-06-05 15:20:25,44.8665695404,-62.4962837203505
"353","V2LNSSA-1343321-2021-05-11","Sheet Harbour",30785,2021-05-11 00:01:03,2021-08-29 02:27:37,44.9202516530958,-62.5386218284875
"354","V2LNSSA-1343323-2021-05-11","Sheet Harbour",2275,2021-05-15 12:48:06,2021-08-28 04:27:56,44.9202516530958,-62.5386218284875
"355","V2LNSSA-1343324-2021-05-11","Sheet Harbour",3338,2021-05-12 00:33:12,2021-05-31 20:17:12,44.9202516530958,-62.5386218284875
"356","V2LNSSA-1343324-2021-05-11","Sheet Harbour estuary",9155,2021-05-16 01:46:54,2021-06-05 23:50:52,44.8958021924533,-62.4850195539726
"357","V2LNSSA-1343324-2021-05-11","Sheet Harbour passage",94,2021-05-19 07:35:52,2021-06-06 18:13:38,44.8665695404,-62.4962837203505
"358","V2LNSSA-1343325-2021-05-11","Sheet Harbour",50,2021-05-17 19:04:06,2021-05-26 08:42:08,44.9202516530958,-62.5386218284875
"359","V2LNSSA-1343325-2021-05-11","Sheet Harbour estuary",6774,2021-05-11 21:47:44,2021-06-01 14:41:43,44.8958021924533,-62.4850195539726
"360","V2LNSSA-1343325-2021-05-11","Sheet Harbour passage",196,2021-05-18 07:58:18,2021-05-30 13:23:03,44.8665695404,-62.4962837203505
"361","V2LNSSA-1343329-2021-05-11","Sheet Harbour",161,2021-05-11 00:14:25,2021-05-25 08:15:03,44.9202516530958,-62.5386218284875
"362","V2LNSSA-1343329-2021-05-11","Sheet Harbour estuary",9128,2021-05-11 05:22:56,2021-06-02 13:51:19,44.8958021924533,-62.4850195539726
"363","V2LNSSA-1343329-2021-05-11","Sheet Harbour passage",150,2021-05-15 06:27:27,2021-06-03 05:07:42,44.8665695404,-62.4962837203505
"364","V2LNSSA-1343330-2021-05-11","Sheet Harbour",143,2021-05-20 13:16:06,2021-06-01 17:28:18,44.9202516530958,-62.5386218284875
"365","V2LNSSA-1343330-2021-05-11","Sheet Harbour estuary",9322,2021-05-11 00:06:42,2021-06-05 23:39:33,44.8958021924533,-62.4850195539726
"366","V2LNSSA-1343330-2021-05-11","Sheet Harbour passage",233,2021-05-26 15:13:48,2021-06-09 05:29:32,44.8665695404,-62.4962837203505
"367","V2LNSSA-1343331-2021-05-11","Sheet Harbour",23,2021-05-25 07:09:21,2021-05-25 08:30:44,44.9202516530958,-62.5386218284875
"368","V2LNSSA-1343331-2021-05-11","Sheet Harbour estuary",4216,2021-05-11 20:32:27,2021-05-31 01:17:59,44.8958021924533,-62.4850195539726
"369","V2LNSSA-1343331-2021-05-11","Sheet Harbour passage",66,2021-05-16 05:42:09,2021-05-31 05:47:49,44.8665695404,-62.4962837203505
"370","V2LNSSA-1344707-2021-04-26","Sheet Harbour",187,2021-04-27 02:12:23,2021-04-27 04:35:49,44.9202516530958,-62.5386218284875
"371","V2LNSSA-1344707-2021-04-26","West River",7,2021-04-26 23:44:12,2021-04-26 23:51:25,44.9382000000021,-62.562089999998
"372","V2LNSSA-1344708-2021-04-26","Grand Banks of NL",2,2021-06-26 11:18:52,2021-06-26 11:29:26,46.8775407272727,-51.2342329090909
"373","V2LNSSA-1344708-2021-04-26","Sheet Harbour",493,2021-04-27 23:39:43,2021-05-23 05:23:02,44.9202516530958,-62.5386218284875
"374","V2LNSSA-1344708-2021-04-26","Sheet Harbour estuary",7711,2021-04-28 20:59:48,2021-05-29 19:58:44,44.8958021924533,-62.4850195539726
"375","V2LNSSA-1344708-2021-04-26","Sheet Harbour passage",70,2021-05-19 06:58:26,2021-05-29 12:20:04,44.8665695404,-62.4962837203505
"376","V2LNSSA-1344708-2021-04-26","West River",25,2021-04-26 23:01:37,2021-04-27 18:45:12,44.9382000000021,-62.562089999998
"377","V2LNSSA-1344709-2021-04-26","Sheet Harbour",2302,2021-05-01 17:30:43,2021-05-31 14:16:02,44.9202516530958,-62.5386218284875
"378","V2LNSSA-1344709-2021-04-26","Sheet Harbour estuary",16410,2021-05-03 06:30:29,2021-06-04 19:22:55,44.8958021924533,-62.4850195539726
"379","V2LNSSA-1344709-2021-04-26","Sheet Harbour passage",175,2021-05-17 04:37:55,2021-06-05 08:59:41,44.8665695404,-62.4962837203505
"380","V2LNSSA-1344709-2021-04-26","St. Anns Bank MPA",4,2021-06-13 12:57:24,2021-06-13 13:15:21,46.014734054054,-58.99753
"381","V2LNSSA-1344709-2021-04-26","West River",88,2021-04-29 17:11:27,2021-05-01 10:38:46,44.9382000000021,-62.562089999998
"382","V2LNSSA-1344710-2021-04-26","Sheet Harbour",1934,2021-04-29 00:23:46,2021-06-03 03:18:28,44.9202516530958,-62.5386218284875
"383","V2LNSSA-1344710-2021-04-26","Sheet Harbour estuary",9492,2021-04-30 06:25:51,2021-06-09 01:26:16,44.8958021924533,-62.4850195539726
"384","V2LNSSA-1344710-2021-04-26","Sheet Harbour passage",661,2021-05-05 05:47:59,2021-06-08 13:00:57,44.8665695404,-62.4962837203505
"385","V2LNSSA-1344710-2021-04-26","West River",220,2021-04-27 23:45:33,2021-04-28 17:15:11,44.9382000000021,-62.562089999998
"386","V2LNSSA-1344711-2021-04-26","ESI Moser River",10,2021-06-02 09:06:59,2021-06-02 09:26:07,44.8517599999999,-62.101015217391
"387","V2LNSSA-1344711-2021-04-26","Sheet Harbour",2403,2021-04-29 00:17:09,2021-05-31 14:32:12,44.9202516530958,-62.5386218284875
"388","V2LNSSA-1344711-2021-04-26","Sheet Harbour estuary",9207,2021-05-01 23:00:23,2021-06-01 07:58:39,44.8958021924533,-62.4850195539726
"389","V2LNSSA-1344711-2021-04-26","Sheet Harbour passage",21,2021-05-22 09:23:21,2021-06-01 11:13:18,44.8665695404,-62.4962837203505
"390","V2LNSSA-1344711-2021-04-26","West River",14,2021-04-28 18:55:34,2021-04-28 20:24:34,44.9382000000021,-62.562089999998
"391","V2LNSSA-1344712-2021-04-26","Sheet Harbour",1022,2021-04-29 17:42:53,2021-05-04 06:17:45,44.9202516530958,-62.5386218284875
"392","V2LNSSA-1344712-2021-04-26","Sheet Harbour estuary",273,2021-05-04 11:15:40,2021-05-05 14:06:21,44.8958021924533,-62.4850195539726
"393","V2LNSSA-1344712-2021-04-26","Sheet Harbour passage",6,2021-05-05 10:16:56,2021-05-05 10:31:35,44.8665695404,-62.4962837203505
"394","V2LNSSA-1344712-2021-04-26","West River",28,2021-04-27 03:27:55,2021-04-27 04:36:00,44.9382000000021,-62.562089999998
"395","V2LNSSA-1344713-2021-04-26","Sheet Harbour",2363,2021-04-30 01:51:21,2021-05-02 20:45:36,44.9202516530958,-62.5386218284875
"396","V2LNSSA-1344713-2021-04-26","West River",28,2021-04-29 13:16:45,2021-04-29 23:02:38,44.9382000000021,-62.562089999998
"397","V2LNSSA-1344714-2021-04-26","West River",18,2021-05-01 06:16:50,2021-05-01 07:25:37,44.9382000000021,-62.562089999998
"398","V2LNSSA-1344715-2021-04-26","Sheet Harbour",4752,2021-04-29 23:32:00,2021-05-03 05:39:43,44.9202516530958,-62.5386218284875
"399","V2LNSSA-1344715-2021-04-26","Sheet Harbour estuary",11928,2021-05-03 07:40:16,2021-05-28 00:53:37,44.8958021924533,-62.4850195539726
"400","V2LNSSA-1344715-2021-04-26","Sheet Harbour passage",151,2021-05-18 06:35:58,2021-05-27 12:46:01,44.8665695404,-62.4962837203505
"401","V2LNSSA-1344715-2021-04-26","West River",100,2021-04-29 07:24:16,2021-04-29 11:22:28,44.9382000000021,-62.562089999998
"402","V2LNSSA-1344716-2021-04-26","Sheet Harbour",2104,2021-04-27 23:59:24,2021-04-28 18:37:50,44.9202516530958,-62.5386218284875
"403","V2LNSSA-1344716-2021-04-26","West River",14,2021-04-26 22:59:32,2021-04-26 23:17:14,44.9382000000021,-62.562089999998
"404","V2LNSSA-1344717-2021-04-26","Sheet Harbour",4384,2021-05-01 03:11:47,2021-05-03 08:55:52,44.9202516530958,-62.5386218284875
"405","V2LNSSA-1344717-2021-04-26","West River",5,2021-04-30 14:48:43,2021-04-30 15:00:36,44.9382000000021,-62.562089999998
"406","V2LNSSA-1344718-2021-04-26","Sheet Harbour",9810,2021-04-30 06:41:04,2021-06-03 03:03:32,44.9202516530958,-62.5386218284875
"407","V2LNSSA-1344718-2021-04-26","Sheet Harbour estuary",6375,2021-05-15 05:53:48,2021-06-05 23:37:29,44.8958021924533,-62.4850195539726
"408","V2LNSSA-1344718-2021-04-26","Sheet Harbour passage",137,2021-05-20 20:26:26,2021-06-06 20:21:11,44.8665695404,-62.4962837203505
"409","V2LNSSA-1344718-2021-04-26","West River",9,2021-04-29 10:19:06,2021-04-29 10:37:28,44.9382000000021,-62.562089999998
"410","V2LNSSA-1344719-2021-04-26","Sheet Harbour",4740,2021-04-28 23:49:57,2021-05-01 19:12:56,44.9202516530958,-62.5386218284875
"411","V2LNSSA-1344719-2021-04-26","West River",15,2021-04-28 18:12:51,2021-04-28 19:30:52,44.9382000000021,-62.562089999998
"412","V2LNSSA-1344720-2021-04-26","Sheet Harbour",3855,2021-04-28 01:44:46,2021-05-31 15:30:11,44.9202516530958,-62.5386218284875
"413","V2LNSSA-1344720-2021-04-26","Sheet Harbour estuary",9803,2021-05-03 04:50:34,2021-05-31 17:07:40,44.8958021924533,-62.4850195539726
"414","V2LNSSA-1344720-2021-04-26","Sheet Harbour passage",92,2021-05-16 05:44:40,2021-05-31 18:08:15,44.8665695404,-62.4962837203505
"415","V2LNSSA-1344720-2021-04-26","West River",23,2021-04-27 15:55:32,2021-04-27 18:43:00,44.9382000000021,-62.562089999998
"416","V2LNSSA-1344721-2021-04-22","Sheet Harbour",5216,2021-04-27 03:16:05,2021-05-02 03:29:20,44.9202516530958,-62.5386218284875
"417","V2LNSSA-1344721-2021-04-22","Sheet Harbour estuary",192,2021-04-30 06:38:09,2021-05-02 07:56:34,44.8958021924533,-62.4850195539726
"418","V2LNSSA-1344721-2021-04-22","Sheet Harbour passage",14,2021-05-19 20:50:29,2021-05-20 04:00:25,44.8665695404,-62.4962837203505
"419","V2LNSSA-1344721-2021-04-22","West River",27,2021-04-26 16:56:40,2021-04-26 23:17:20,44.9382000000021,-62.562089999998
"420","V2LNSSA-1347229-2021-04-22","Sheet Harbour",771,2021-04-27 23:59:34,2021-04-30 03:24:00,44.9202516530958,-62.5386218284875
"421","V2LNSSA-1347229-2021-04-22","Sheet Harbour estuary",523,2021-04-30 06:38:43,2021-05-02 12:57:57,44.8958021924533,-62.4850195539726
"422","V2LNSSA-1347229-2021-04-22","West River",439,2021-04-23 10:01:40,2021-04-27 07:14:45,44.9382000000021,-62.562089999998
"423","V2LNSSA-1347230-2021-04-22","Sheet Harbour",3957,2021-04-27 04:29:37,2021-05-31 12:29:17,44.9202516530958,-62.5386218284875
"424","V2LNSSA-1347230-2021-04-22","Sheet Harbour estuary",11059,2021-05-06 02:28:46,2021-06-04 11:35:56,44.8958021924533,-62.4850195539726
"425","V2LNSSA-1347230-2021-04-22","Sheet Harbour passage",283,2021-05-14 06:00:45,2021-06-03 07:46:08,44.8665695404,-62.4962837203505
"426","V2LNSSA-1347230-2021-04-22","West River",18,2021-04-26 22:18:19,2021-04-26 22:56:44,44.9382000000021,-62.562089999998
"427","V2LNSSA-1347231-2021-04-22","Sheet Harbour",1079,2021-04-27 05:06:34,2021-05-04 06:47:54,44.9202516530958,-62.5386218284875
"428","V2LNSSA-1347231-2021-04-22","West River",19,2021-04-27 00:37:55,2021-04-27 01:12:07,44.9382000000021,-62.562089999998
"429","V2LNSSA-1347232-2021-04-22","Sheet Harbour",1091,2021-04-26 23:53:24,2021-05-26 02:24:32,44.9202516530958,-62.5386218284875
"430","V2LNSSA-1347232-2021-04-22","Sheet Harbour estuary",6516,2021-04-29 09:55:15,2021-05-26 08:39:32,44.8958021924533,-62.4850195539726
"431","V2LNSSA-1347232-2021-04-22","Sheet Harbour passage",270,2021-05-08 08:50:09,2021-05-26 21:49:06,44.8665695404,-62.4962837203505
"432","V2LNSSA-1347232-2021-04-22","West River",32,2021-04-26 16:54:24,2021-04-26 22:10:20,44.9382000000021,-62.562089999998
"433","V2LNSSA-1347233-2021-04-22","Sheet Harbour",2024,2021-04-29 00:11:11,2021-05-31 17:27:55,44.9202516530958,-62.5386218284875
"434","V2LNSSA-1347233-2021-04-22","Sheet Harbour estuary",10106,2021-05-05 08:07:56,2021-06-02 03:49:05,44.8958021924533,-62.4850195539726
"435","V2LNSSA-1347233-2021-04-22","Sheet Harbour passage",36,2021-05-09 04:16:46,2021-06-02 16:42:16,44.8665695404,-62.4962837203505
"436","V2LNSSA-1347233-2021-04-22","West River",7,2021-04-28 16:16:31,2021-04-28 18:43:43,44.9382000000021,-62.562089999998
"437","V2LNSSA-1347234-2021-04-22","Sheet Harbour",3265,2021-05-01 04:52:41,2021-05-08 09:14:30,44.9202516530958,-62.5386218284875
"438","V2LNSSA-1347234-2021-04-22","West River",11,2021-04-29 12:10:04,2021-04-29 14:23:50,44.9382000000021,-62.562089999998
"439","V2LNSSA-1347235-2021-04-22","Sheet Harbour",1717,2021-04-28 00:40:38,2021-06-01 13:15:43,44.9202516530958,-62.5386218284875
"440","V2LNSSA-1347235-2021-04-22","Sheet Harbour estuary",8786,2021-05-01 09:53:12,2021-06-06 08:00:26,44.8958021924533,-62.4850195539726
"441","V2LNSSA-1347235-2021-04-22","Sheet Harbour passage",116,2021-05-28 09:38:54,2021-06-06 16:33:13,44.8665695404,-62.4962837203505
"442","V2LNSSA-1347235-2021-04-22","West River",60,2021-04-24 17:14:01,2021-04-27 17:04:53,44.9382000000021,-62.562089999998
"443","V2LNSSA-1347236-2021-04-22","Sheet Harbour",5232,2021-05-01 00:20:16,2021-05-30 21:19:28,44.9202516530958,-62.5386218284875
"444","V2LNSSA-1347236-2021-04-22","Sheet Harbour estuary",6831,2021-05-16 06:13:50,2021-06-06 06:48:47,44.8958021924533,-62.4850195539726
"445","V2LNSSA-1347236-2021-04-22","Sheet Harbour passage",117,2021-05-18 06:46:48,2021-06-08 13:44:38,44.8665695404,-62.4962837203505
"446","V2LNSSA-1347236-2021-04-22","West River",152,2021-04-26 23:44:05,2021-04-27 09:29:43,44.9382000000021,-62.562089999998
"447","V2LNSSA-1347237-2021-04-22","Sheet Harbour",932,2021-04-27 05:17:49,2021-05-03 08:27:19,44.9202516530958,-62.5386218284875
"448","V2LNSSA-1347237-2021-04-22","West River",62,2021-04-26 18:36:39,2021-04-27 02:00:34,44.9382000000021,-62.562089999998
"449","V2LNSSA-1347238-2021-04-22","West River",232,2021-04-24 15:49:23,2021-04-28 11:57:41,44.9382000000021,-62.562089999998
"450","V2LNSSA-1503418-2022-04-29","ESI Moser River",12,2022-06-04 05:13:29,2022-06-04 05:30:15,44.8517599999999,-62.101015217391
"451","V2LNSSA-1503418-2022-04-29","ESI Shag Roost",24,2022-06-03 03:55:36,2022-06-03 04:28:37,44.7947664430895,-62.4701632926829
"452","V2LNSSA-1503418-2022-04-29","Sheet Harbour",6726,2022-05-07 00:03:55.8814,2022-06-02 11:11:03.8907,44.9202516530958,-62.5386218284875
"453","V2LNSSA-1503418-2022-04-29","Sheet Harbour estuary",5212,2022-05-12 19:38:41,2022-06-02 15:39:14.1996,44.8958021924533,-62.4850195539726
"454","V2LNSSA-1503418-2022-04-29","Sheet Harbour passage",278,2022-05-20 18:21:19.1072,2022-06-02 23:47:05.795,44.8665695404,-62.4962837203505
"455","V2LNSSA-1503418-2022-04-29","West River upper",2,2022-04-29 00:05:00,2022-04-29 00:05:00,44.9585454198472,-62.6177866412211
"456","V2LNSSA-1503419-2022-04-29","ESI Shag Roost",9,2022-06-09 12:42:45,2022-06-09 12:53:21,44.7947664430895,-62.4701632926829
"457","V2LNSSA-1503419-2022-04-29","Sheet Harbour",833,2022-05-04 00:43:15.9644,2022-06-08 04:02:02.7875,44.9202516530958,-62.5386218284875
"458","V2LNSSA-1503419-2022-04-29","Sheet Harbour estuary",6820,2022-05-10 07:20:47,2022-06-09 06:26:27,44.8958021924533,-62.4850195539726
"459","V2LNSSA-1503419-2022-04-29","Sheet Harbour passage",498,2022-05-22 09:56:24.1477,2022-06-09 09:59:30.1916,44.8665695404,-62.4962837203505
"460","V2LNSSA-1503419-2022-04-29","West River upper",2,2022-04-29 00:05:00,2022-04-29 00:05:00,44.9585454198472,-62.6177866412211
"461","V2LNSSA-1503420-2022-04-29","Sheet Harbour",2687,2022-05-05 06:22:36,2022-05-17 23:26:15.6216,44.9202516530958,-62.5386218284875
"462","V2LNSSA-1503420-2022-04-29","Sheet Harbour estuary",7062,2022-05-10 05:13:03,2022-05-30 07:52:24.4041,44.8958021924533,-62.4850195539726
"463","V2LNSSA-1503420-2022-04-29","Sheet Harbour passage",477,2022-05-22 05:58:32.2291,2022-05-31 20:18:55.9303,44.8665695404,-62.4962837203505
"464","V2LNSSA-1503420-2022-04-29","West River upper",2,2022-04-29 00:05:00,2022-04-29 00:05:00,44.9585454198472,-62.6177866412211
"465","V2LNSSA-1503421-2022-04-29","ESI Shag Roost",20,2022-05-26 13:26:16,2022-05-26 19:07:25,44.7947664430895,-62.4701632926829
"466","V2LNSSA-1503421-2022-04-29","Sheet Harbour",948,2022-05-04 17:36:06.3717,2022-05-18 01:06:20.4345,44.9202516530958,-62.5386218284875
"467","V2LNSSA-1503421-2022-04-29","Sheet Harbour estuary",7984,2022-05-06 01:22:13.6724,2022-05-24 18:18:50,44.8958021924533,-62.4850195539726
"468","V2LNSSA-1503421-2022-04-29","Sheet Harbour passage",228,2022-05-22 11:44:55.7609,2022-05-25 13:23:33.1152,44.8665695404,-62.4962837203505
"469","V2LNSSA-1503421-2022-04-29","West River upper",2,2022-04-29 00:05:00,2022-04-29 00:05:00,44.9585454198472,-62.6177866412211
"470","V2LNSSA-1503422-2022-04-29","Sheet Harbour",986,2022-05-02 03:35:21.9918,2022-05-04 06:33:21.3164,44.9202516530958,-62.5386218284875
"471","V2LNSSA-1503422-2022-04-29","West River upper",2,2022-04-29 00:05:00,2022-04-29 00:05:00,44.9585454198472,-62.6177866412211
"472","V2LNSSA-1503423-2022-04-29","Sheet Harbour",32,2022-05-04 00:40:01.9407,2022-07-17 04:00:11.9897,44.9202516530958,-62.5386218284875
"473","V2LNSSA-1503423-2022-04-29","West River upper",2,2022-04-29 00:05:00,2022-04-29 00:05:00,44.9585454198472,-62.6177866412211
"474","V2LNSSA-1503424-2022-04-29","ESI Moser River",11,2022-06-05 04:45:50,2022-06-05 05:03:18,44.8517599999999,-62.101015217391
"475","V2LNSSA-1503424-2022-04-29","ESI Shag Roost",28,2022-06-01 17:43:24,2022-06-04 17:51:12,44.7947664430895,-62.4701632926829
"476","V2LNSSA-1503424-2022-04-29","Sheet Harbour",790,2022-05-06 00:28:13.5196,2022-05-25 05:52:35.1352,44.9202516530958,-62.5386218284875
"477","V2LNSSA-1503424-2022-04-29","Sheet Harbour estuary",9125,2022-05-09 08:35:24,2022-06-04 07:16:23.3748,44.8958021924533,-62.4850195539726
"478","V2LNSSA-1503424-2022-04-29","Sheet Harbour passage",348,2022-05-23 11:03:15.9138,2022-06-04 14:29:07.6274,44.8665695404,-62.4962837203505
"479","V2LNSSA-1503424-2022-04-29","West River upper",2,2022-04-29 00:05:00,2022-04-29 00:05:00,44.9585454198472,-62.6177866412211
"480","V2LNSSA-1503425-2022-04-29","Grand Banks of NL",10,2022-06-27 18:01:37,2022-06-27 18:15:53,46.8775407272727,-51.2342329090909
"481","V2LNSSA-1503425-2022-04-29","NE Newfoundland Shelf",5,2022-07-14 07:31:24,2022-07-14 07:39:49,49.4985375,-50.3756375
"482","V2LNSSA-1503425-2022-04-29","Sheet Harbour",1172,2022-05-04 00:25:40.426,2022-05-30 08:24:34.8393,44.9202516530958,-62.5386218284875
"483","V2LNSSA-1503425-2022-04-29","Sheet Harbour estuary",8951,2022-05-06 06:20:58.187,2022-05-31 06:32:38.6223,44.8958021924533,-62.4850195539726
"484","V2LNSSA-1503425-2022-04-29","Sheet Harbour passage",252,2022-05-20 07:22:31.748,2022-05-31 17:32:58.4901,44.8665695404,-62.4962837203505
"485","V2LNSSA-1503425-2022-04-29","West River upper",2,2022-04-29 00:05:00,2022-04-29 00:05:00,44.9585454198472,-62.6177866412211
"486","V2LNSSA-1503426-2022-04-29","ESI Shag Roost",9,2022-06-09 13:14:15,2022-06-09 13:36:04,44.7947664430895,-62.4701632926829
"487","V2LNSSA-1503426-2022-04-29","Sheet Harbour",548,2022-05-05 23:52:46.2142,2022-06-08 07:46:56.2413,44.9202516530958,-62.5386218284875
"488","V2LNSSA-1503426-2022-04-29","Sheet Harbour estuary",10483,2022-05-10 05:15:38,2022-06-09 06:28:40.9832,44.8958021924533,-62.4850195539726
"489","V2LNSSA-1503426-2022-04-29","Sheet Harbour passage",644,2022-05-20 08:15:50.8046,2022-06-09 10:35:57.574,44.8665695404,-62.4962837203505
"490","V2LNSSA-1503426-2022-04-29","West River upper",2,2022-04-29 00:05:00,2022-04-29 00:05:00,44.9585454198472,-62.6177866412211
"491","V2LNSSA-1503427-2022-04-29","ESI Shag Roost",10,2022-06-01 22:58:28,2022-06-01 23:14:56,44.7947664430895,-62.4701632926829
"492","V2LNSSA-1503427-2022-04-29","Sheet Harbour",1018,2022-05-07 00:04:04.0512,2022-05-27 01:29:50.2874,44.9202516530958,-62.5386218284875
"493","V2LNSSA-1503427-2022-04-29","Sheet Harbour estuary",2706,2022-05-08 08:10:37,2022-05-30 07:42:36,44.8958021924533,-62.4850195539726
"494","V2LNSSA-1503427-2022-04-29","Sheet Harbour passage",202,2022-05-20 14:30:50.6337,2022-05-31 12:16:50.5531,44.8665695404,-62.4962837203505
"495","V2LNSSA-1503427-2022-04-29","West River upper",2,2022-04-29 00:05:00,2022-04-29 00:05:00,44.9585454198472,-62.6177866412211
"496","V2LNSSA-1503428-2022-05-01","Sheet Harbour",837,2022-05-05 00:19:34.9803,2022-05-10 02:23:00.9139,44.9202516530958,-62.5386218284875
"497","V2LNSSA-1503428-2022-05-01","Sheet Harbour estuary",3314,2022-05-07 14:23:20,2022-05-10 08:14:33,44.8958021924533,-62.4850195539726
"498","V2LNSSA-1503428-2022-05-01","West River upper",2,2022-05-01 00:05:00,2022-05-01 00:05:00,44.9585454198472,-62.6177866412211
"499","V2LNSSA-1503429-2022-05-01","ESI Moser River",18,2022-06-03 18:10:24,2022-06-03 18:38:36,44.8517599999999,-62.101015217391
"500","V2LNSSA-1503429-2022-05-01","ESI Shag Roost",23,2022-06-02 10:22:09,2022-06-02 11:31:38,44.7947664430895,-62.4701632926829
"501","V2LNSSA-1503429-2022-05-01","Sheet Harbour",797,2022-05-03 23:40:36.6481,2022-05-16 00:21:25.5628,44.9202516530958,-62.5386218284875
"502","V2LNSSA-1503429-2022-05-01","Sheet Harbour estuary",4847,2022-05-11 12:53:06,2022-05-31 06:35:06.2158,44.8958021924533,-62.4850195539726
"503","V2LNSSA-1503429-2022-05-01","Sheet Harbour passage",402,2022-05-22 09:40:10.5002,2022-06-02 03:03:22.5579,44.8665695404,-62.4962837203505
"504","V2LNSSA-1503429-2022-05-01","West River upper",2,2022-05-01 00:05:00,2022-05-01 00:05:00,44.9585454198472,-62.6177866412211
"505","V2LNSSA-1503430-2022-05-01","ESI Moser River",15,2022-06-05 15:27:01,2022-06-05 15:47:40,44.8517599999999,-62.101015217391
"506","V2LNSSA-1503430-2022-05-01","ESI Shag Roost",12,2022-06-04 20:40:41,2022-06-04 21:01:50,44.7947664430895,-62.4701632926829
"507","V2LNSSA-1503430-2022-05-01","Sheet Harbour",3549,2022-05-13 16:43:30.3936,2022-06-02 08:51:55.9242,44.9202516530958,-62.5386218284875
"508","V2LNSSA-1503430-2022-05-01","Sheet Harbour estuary",4315,2022-05-17 07:37:13,2022-06-04 00:55:02.188,44.8958021924533,-62.4850195539726
"509","V2LNSSA-1503430-2022-05-01","Sheet Harbour passage",219,2022-05-23 16:37:38.6807,2022-06-04 11:09:55.6536,44.8665695404,-62.4962837203505
"510","V2LNSSA-1503430-2022-05-01","West River upper",2,2022-05-01 00:05:00,2022-05-01 00:05:00,44.9585454198472,-62.6177866412211
"511","V2LNSSA-1503431-2022-05-01","ESI Shag Roost",2,2022-06-07 22:09:38,2022-06-07 22:10:54,44.7947664430895,-62.4701632926829
"512","V2LNSSA-1503431-2022-05-01","Sheet Harbour",671,2022-05-04 00:01:59.2786,2022-06-02 10:00:33.4763,44.9202516530958,-62.5386218284875
"513","V2LNSSA-1503431-2022-05-01","Sheet Harbour estuary",7195,2022-05-06 16:31:56.3253,2022-06-07 14:13:33,44.8958021924533,-62.4850195539726
"514","V2LNSSA-1503431-2022-05-01","Sheet Harbour passage",383,2022-05-22 13:02:50.8303,2022-06-05 16:13:20.6406,44.8665695404,-62.4962837203505
"515","V2LNSSA-1503431-2022-05-01","West River upper",2,2022-05-01 00:05:00,2022-05-01 00:05:00,44.9585454198472,-62.6177866412211
"516","V2LNSSA-1503432-2022-05-03","Sheet Harbour",2485,2022-05-07 06:50:19.4775,2022-05-27 07:48:11.5945,44.9202516530958,-62.5386218284875
"517","V2LNSSA-1503432-2022-05-03","Sheet Harbour estuary",10338,2022-05-14 07:14:51.6617,2022-06-07 13:15:21.2944,44.8958021924533,-62.4850195539726
"518","V2LNSSA-1503432-2022-05-03","Sheet Harbour passage",542,2022-05-15 06:52:22.82,2022-06-07 16:28:29.9903,44.8665695404,-62.4962837203505
"519","V2LNSSA-1503432-2022-05-03","West River upper",2,2022-05-03 00:05:00,2022-05-03 00:05:00,44.9585454198472,-62.6177866412211
"520","V2LNSSA-1503433-2022-05-03","ESI Shag Roost",12,2022-05-29 12:24:10,2022-05-29 12:41:58,44.7947664430895,-62.4701632926829
"521","V2LNSSA-1503433-2022-05-03","Sheet Harbour",2024,2022-05-05 00:43:19.8009,2022-05-20 04:39:48.0216,44.9202516530958,-62.5386218284875
"522","V2LNSSA-1503433-2022-05-03","Sheet Harbour estuary",3581,2022-05-11 11:53:32,2022-05-29 04:32:14.323,44.8958021924533,-62.4850195539726
"523","V2LNSSA-1503433-2022-05-03","Sheet Harbour passage",458,2022-05-14 14:36:15.2378,2022-05-28 16:07:31.5359,44.8665695404,-62.4962837203505
"524","V2LNSSA-1503433-2022-05-03","West River upper",2,2022-05-03 00:05:00,2022-05-03 00:05:00,44.9585454198472,-62.6177866412211
"525","V2LNSSA-1503434-2022-05-03","ESI Moser River",14,2022-06-05 11:55:32,2022-06-05 12:28:11,44.8517599999999,-62.101015217391
"526","V2LNSSA-1503434-2022-05-03","ESI Shag Roost",16,2022-06-04 15:33:59,2022-06-04 16:06:12,44.7947664430895,-62.4701632926829
"527","V2LNSSA-1503434-2022-05-03","Grand Banks of NL",6,2022-07-04 03:21:52,2022-07-04 16:22:43,46.8775407272727,-51.2342329090909
"528","V2LNSSA-1503434-2022-05-03","Sheet Harbour",3624,2022-05-04 23:43:28,2022-05-27 07:54:53.2837,44.9202516530958,-62.5386218284875
"529","V2LNSSA-1503434-2022-05-03","Sheet Harbour estuary",5317,2022-05-11 01:34:13.9185,2022-06-04 08:17:31,44.8958021924533,-62.4850195539726
"530","V2LNSSA-1503434-2022-05-03","Sheet Harbour passage",561,2022-05-13 16:47:43.9141,2022-06-04 11:27:44.4056,44.8665695404,-62.4962837203505
"531","V2LNSSA-1503434-2022-05-03","West River upper",2,2022-05-03 00:05:00,2022-05-03 00:05:00,44.9585454198472,-62.6177866412211
"532","V2LNSSA-1503435-2022-05-03","ESI Moser River",15,2022-06-05 12:27:15,2022-06-05 12:49:01,44.8517599999999,-62.101015217391
"533","V2LNSSA-1503435-2022-05-03","ESI Shag Roost",4,2022-06-04 20:37:08,2022-06-04 20:42:30,44.7947664430895,-62.4701632926829
"534","V2LNSSA-1503435-2022-05-03","Sheet Harbour",2924,2022-05-05 00:15:17.3334,2022-06-03 08:03:01.1789,44.9202516530958,-62.5386218284875
"535","V2LNSSA-1503435-2022-05-03","Sheet Harbour estuary",3245,2022-05-15 09:54:18,2022-06-04 05:16:14.9851,44.8958021924533,-62.4850195539726
"536","V2LNSSA-1503435-2022-05-03","Sheet Harbour passage",513,2022-05-20 09:29:15.678,2022-06-04 11:44:07.4607,44.8665695404,-62.4962837203505
"537","V2LNSSA-1503435-2022-05-03","West River upper",2,2022-05-03 00:05:00,2022-05-03 00:05:00,44.9585454198472,-62.6177866412211
"538","V2LNSSA-1503436-2022-05-03","ESI Shag Roost",3,2022-05-31 22:09:32,2022-05-31 22:13:07,44.7947664430895,-62.4701632926829
"539","V2LNSSA-1503436-2022-05-03","Sheet Harbour",5003,2022-05-05 03:17:42.8898,2022-05-18 15:04:55.8569,44.9202516530958,-62.5386218284875
"540","V2LNSSA-1503436-2022-05-03","Sheet Harbour estuary",9072,2022-05-09 06:52:00,2022-05-30 01:07:58.1518,44.8958021924533,-62.4850195539726
"541","V2LNSSA-1503436-2022-05-03","Sheet Harbour passage",595,2022-05-14 09:21:03.7702,2022-05-31 14:38:10.2441,44.8665695404,-62.4962837203505
"542","V2LNSSA-1503436-2022-05-03","West River upper",2,2022-05-03 00:05:00,2022-05-03 00:05:00,44.9585454198472,-62.6177866412211
"543","V2LNSSA-1503437-2022-05-03","Sheet Harbour",272,2022-05-05 03:24:47.6772,2022-05-27 01:04:00.3924,44.9202516530958,-62.5386218284875
"544","V2LNSSA-1503437-2022-05-03","Sheet Harbour estuary",3106,2022-05-11 02:33:58,2022-05-31 17:48:38.5088,44.8958021924533,-62.4850195539726
"545","V2LNSSA-1503437-2022-05-03","Sheet Harbour passage",488,2022-05-19 06:50:21.2324,2022-05-31 19:51:36.5314,44.8665695404,-62.4962837203505
"546","V2LNSSA-1503437-2022-05-03","West River upper",2,2022-05-03 00:05:00,2022-05-03 00:05:00,44.9585454198472,-62.6177866412211
"547","V2LNSSA-1503438-2022-05-03","Sheet Harbour",794,2022-05-07 00:08:12.805,2022-05-07 09:29:36.1567,44.9202516530958,-62.5386218284875
"548","V2LNSSA-1503438-2022-05-03","West River upper",2,2022-05-03 00:05:00,2022-05-03 00:05:00,44.9585454198472,-62.6177866412211
"549","V2LNSSA-1503439-2022-05-03","ESI Shag Roost",51,2022-06-02 06:33:58,2022-06-02 09:51:06,44.7947664430895,-62.4701632926829
"550","V2LNSSA-1503439-2022-05-03","Sheet Harbour",1541,2022-05-06 06:27:00.4585,2022-05-30 08:14:51.2074,44.9202516530958,-62.5386218284875
"551","V2LNSSA-1503439-2022-05-03","Sheet Harbour estuary",4956,2022-05-11 00:13:08,2022-06-01 06:01:53,44.8958021924533,-62.4850195539726
"552","V2LNSSA-1503439-2022-05-03","Sheet Harbour passage",246,2022-05-22 14:11:01.1003,2022-06-02 01:10:29.9742,44.8665695404,-62.4962837203505
"553","V2LNSSA-1503439-2022-05-03","West River upper",2,2022-05-03 00:05:00,2022-05-03 00:05:00,44.9585454198472,-62.6177866412211
"554","V2LNSSA-1503440-2022-05-03","ESI Shag Roost",2,2022-05-29 16:22:43,2022-05-29 16:24:32,44.7947664430895,-62.4701632926829
"555","V2LNSSA-1503440-2022-05-03","Sheet Harbour",482,2022-05-05 02:56:14.6025,2022-05-20 07:29:08.2693,44.9202516530958,-62.5386218284875
"556","V2LNSSA-1503440-2022-05-03","Sheet Harbour estuary",4192,2022-05-06 00:58:36,2022-05-29 01:10:36,44.8958021924533,-62.4850195539726
"557","V2LNSSA-1503440-2022-05-03","Sheet Harbour passage",299,2022-05-20 15:20:47.0726,2022-05-29 12:52:52.9264,44.8665695404,-62.4962837203505
"558","V2LNSSA-1503440-2022-05-03","West River upper",2,2022-05-03 00:05:00,2022-05-03 00:05:00,44.9585454198472,-62.6177866412211
"559","V2LNSSA-1503441-2022-05-03","ESI Moser River",11,2022-06-04 17:21:10,2022-06-04 17:33:20,44.8517599999999,-62.101015217391
"560","V2LNSSA-1503441-2022-05-03","Sheet Harbour",3334,2022-05-05 06:26:09.6709,2022-06-02 09:54:15.1312,44.9202516530958,-62.5386218284875
"561","V2LNSSA-1503441-2022-05-03","Sheet Harbour estuary",11721,2022-05-08 04:33:09,2022-06-03 13:02:03.037,44.8958021924533,-62.4850195539726
"562","V2LNSSA-1503441-2022-05-03","Sheet Harbour passage",648,2022-05-14 08:18:10.7238,2022-06-03 15:42:17.002,44.8665695404,-62.4962837203505
"563","V2LNSSA-1503441-2022-05-03","West River upper",2,2022-05-03 00:05:00,2022-05-03 00:05:00,44.9585454198472,-62.6177866412211
"564","V2LNSSA-1503442-2022-05-05","Sheet Harbour",2,2022-05-06 14:58:42.2071,2022-05-06 14:59:56.4579,44.9202516530958,-62.5386218284875
"565","V2LNSSA-1503442-2022-05-05","West River upper",2,2022-05-05 00:05:00,2022-05-05 00:05:00,44.9585454198472,-62.6177866412211
"566","V2LNSSA-1503443-2022-05-05","ESI Shag Roost",4,2022-05-24 12:03:10,2022-05-27 00:04:28,44.7947664430895,-62.4701632926829
"567","V2LNSSA-1503443-2022-05-05","Sheet Harbour",795,2022-05-08 19:01:50.0939,2022-05-20 03:46:11.1705,44.9202516530958,-62.5386218284875
"568","V2LNSSA-1503443-2022-05-05","Sheet Harbour estuary",867,2022-05-11 21:51:43,2022-05-21 13:26:56.3192,44.8958021924533,-62.4850195539726
"569","V2LNSSA-1503443-2022-05-05","Sheet Harbour passage",149,2022-05-22 09:19:40.8371,2022-05-27 05:24:18.5643,44.8665695404,-62.4962837203505
"570","V2LNSSA-1503443-2022-05-05","West River upper",2,2022-05-05 00:05:00,2022-05-05 00:05:00,44.9585454198472,-62.6177866412211
"571","V2LNSSA-1503444-2022-05-05","Sheet Harbour",532,2022-05-06 17:05:29.427,2022-05-09 18:08:15.9349,44.9202516530958,-62.5386218284875
"572","V2LNSSA-1503444-2022-05-05","West River upper",2,2022-05-05 00:05:00,2022-05-05 00:05:00,44.9585454198472,-62.6177866412211
"573","V2LNSSA-1503445-2022-05-05","ESI Moser River",8,2022-06-04 10:00:33,2022-06-04 10:21:43,44.8517599999999,-62.101015217391
"574","V2LNSSA-1503445-2022-05-05","ESI Shag Roost",27,2022-06-03 10:44:55,2022-06-03 14:52:00,44.7947664430895,-62.4701632926829
"575","V2LNSSA-1503445-2022-05-05","Sheet Harbour",326,2022-05-07 00:49:47.0013,2022-05-25 05:47:28.5049,44.9202516530958,-62.5386218284875
"576","V2LNSSA-1503445-2022-05-05","Sheet Harbour estuary",2229,2022-05-07 09:29:32,2022-05-29 05:47:28,44.8958021924533,-62.4850195539726
"577","V2LNSSA-1503445-2022-05-05","Sheet Harbour passage",345,2022-05-19 14:57:28.6351,2022-06-03 03:52:18.7079,44.8665695404,-62.4962837203505
"578","V2LNSSA-1503445-2022-05-05","West River upper",2,2022-05-05 00:05:00,2022-05-05 00:05:00,44.9585454198472,-62.6177866412211
"579","V2LNSSA-1503446-2022-05-05","ESI Shag Roost",11,2022-06-09 17:58:10,2022-06-09 18:18:46,44.7947664430895,-62.4701632926829
"580","V2LNSSA-1503446-2022-05-05","Sheet Harbour",1151,2022-05-07 00:19:34.9378,2022-05-18 13:27:05.9851,44.9202516530958,-62.5386218284875
"581","V2LNSSA-1503446-2022-05-05","Sheet Harbour estuary",10174,2022-05-12 19:46:11,2022-06-09 02:54:24.102,44.8958021924533,-62.4850195539726
"582","V2LNSSA-1503446-2022-05-05","Sheet Harbour passage",699,2022-05-22 10:35:17.8771,2022-06-09 14:21:17.1658,44.8665695404,-62.4962837203505
"583","V2LNSSA-1503446-2022-05-05","West River upper",2,2022-05-05 00:05:00,2022-05-05 00:05:00,44.9585454198472,-62.6177866412211
"584","V2LNSSA-1503447-2022-05-05","ESI Shag Roost",5,2022-05-29 22:56:33,2022-05-29 23:07:14,44.7947664430895,-62.4701632926829
"585","V2LNSSA-1503447-2022-05-05","Sheet Harbour",2185,2022-05-11 00:08:01.2851,2022-05-28 02:31:59.59,44.9202516530958,-62.5386218284875
"586","V2LNSSA-1503447-2022-05-05","Sheet Harbour estuary",4153,2022-05-12 08:50:49.6329,2022-05-28 09:06:55,44.8958021924533,-62.4850195539726
"587","V2LNSSA-1503447-2022-05-05","Sheet Harbour passage",249,2022-05-14 08:58:56.2204,2022-05-30 10:45:33.7378,44.8665695404,-62.4962837203505
"588","V2LNSSA-1503447-2022-05-05","West River upper",2,2022-05-05 00:05:00,2022-05-05 00:05:00,44.9585454198472,-62.6177866412211
"589","V2LNSSA-1503448-2022-05-05","Sheet Harbour",3013,2022-05-08 00:26:51.4692,2022-05-17 17:01:51.508,44.9202516530958,-62.5386218284875
"590","V2LNSSA-1503448-2022-05-05","Sheet Harbour estuary",1164,2022-05-14 03:47:03,2022-05-17 11:17:16,44.8958021924533,-62.4850195539726
"591","V2LNSSA-1503448-2022-05-05","Sheet Harbour passage",4,2022-05-15 09:27:42.4031,2022-05-15 09:32:22.2913,44.8665695404,-62.4962837203505
"592","V2LNSSA-1503448-2022-05-05","West River upper",2,2022-05-05 00:05:00,2022-05-05 00:05:00,44.9585454198472,-62.6177866412211
"593","V2LNSSA-1503449-2022-05-05","ESI Shag Roost",6,2022-06-01 06:56:07,2022-06-01 07:06:41,44.7947664430895,-62.4701632926829
"594","V2LNSSA-1503449-2022-05-05","Sheet Harbour",1093,2022-05-06 14:58:29.7897,2022-05-16 08:40:07.6399,44.9202516530958,-62.5386218284875
"595","V2LNSSA-1503449-2022-05-05","Sheet Harbour estuary",4886,2022-05-11 05:58:22,2022-05-31 06:53:40.7307,44.8958021924533,-62.4850195539726
"596","V2LNSSA-1503449-2022-05-05","Sheet Harbour passage",356,2022-05-14 08:49:30.7185,2022-05-31 18:43:16.1351,44.8665695404,-62.4962837203505
"597","V2LNSSA-1503449-2022-05-05","West River upper",2,2022-05-05 00:05:00,2022-05-05 00:05:00,44.9585454198472,-62.6177866412211
"598","V2LNSSA-1503450-2022-05-05","ESI Shag Roost",3,2022-05-30 12:32:45,2022-05-30 12:39:41,44.7947664430895,-62.4701632926829
"599","V2LNSSA-1503450-2022-05-05","Sheet Harbour",2216,2022-05-06 17:23:42.5799,2022-05-28 06:17:56.9437,44.9202516530958,-62.5386218284875
"600","V2LNSSA-1503450-2022-05-05","Sheet Harbour estuary",2970,2022-05-12 09:14:45,2022-05-30 05:05:22,44.8958021924533,-62.4850195539726
"601","V2LNSSA-1503450-2022-05-05","Sheet Harbour passage",242,2022-05-20 15:35:25.4255,2022-05-30 09:11:59.5524,44.8665695404,-62.4962837203505
"602","V2LNSSA-1503450-2022-05-05","West River upper",2,2022-05-05 00:05:00,2022-05-05 00:05:00,44.9585454198472,-62.6177866412211
"603","V2LNSSA-1503451-2022-05-05","ESI Shag Roost",20,2022-06-01 14:03:32,2022-06-01 15:04:42,44.7947664430895,-62.4701632926829
"604","V2LNSSA-1503451-2022-05-05","Grand Banks of NL",4,2022-06-18 22:28:18,2022-06-18 22:33:23,46.8775407272727,-51.2342329090909
"605","V2LNSSA-1503451-2022-05-05","NE Newfoundland Shelf",3,2022-07-02 08:32:51,2022-07-02 08:35:59,49.4985375,-50.3756375
"606","V2LNSSA-1503451-2022-05-05","Sheet Harbour",579,2022-05-06 23:53:41.9437,2022-05-16 11:58:31.3755,44.9202516530958,-62.5386218284875
"607","V2LNSSA-1503451-2022-05-05","Sheet Harbour estuary",2821,2022-05-14 12:49:43,2022-05-31 02:09:32,44.8958021924533,-62.4850195539726
"608","V2LNSSA-1503451-2022-05-05","Sheet Harbour passage",254,2022-05-20 09:57:00.0384,2022-05-31 17:53:29.122,44.8665695404,-62.4962837203505
"609","V2LNSSA-1503451-2022-05-05","West River upper",2,2022-05-05 00:05:00,2022-05-05 00:05:00,44.9585454198472,-62.6177866412211
"610","V2LNSSA-1503452-2022-05-06","ESI Shag Roost",9,2022-06-01 07:59:57,2022-06-01 08:13:52,44.7947664430895,-62.4701632926829
"611","V2LNSSA-1503452-2022-05-06","Sheet Harbour",698,2022-05-08 17:52:58.1626,2022-06-01 01:52:00.5764,44.9202516530958,-62.5386218284875
"612","V2LNSSA-1503452-2022-05-06","Sheet Harbour estuary",6732,2022-05-10 13:02:26.5402,2022-06-01 03:19:18,44.8958021924533,-62.4850195539726
"613","V2LNSSA-1503452-2022-05-06","Sheet Harbour passage",666,2022-05-19 15:04:39.1057,2022-06-01 05:15:20.2929,44.8665695404,-62.4962837203505
"614","V2LNSSA-1503452-2022-05-06","West River upper",2,2022-05-06 00:05:00,2022-05-06 00:05:00,44.9585454198472,-62.6177866412211
"615","V2LNSSA-1503453-2022-05-06","ESI Shag Roost",6,2022-06-09 01:12:35,2022-06-09 01:23:59,44.7947664430895,-62.4701632926829
"616","V2LNSSA-1503453-2022-05-06","Sheet Harbour",587,2022-05-14 12:46:29.5059,2022-05-18 15:20:58.7158,44.9202516530958,-62.5386218284875
"617","V2LNSSA-1503453-2022-05-06","Sheet Harbour estuary",5125,2022-05-17 08:13:01,2022-06-08 17:26:04.5458,44.8958021924533,-62.4850195539726
"618","V2LNSSA-1503453-2022-05-06","Sheet Harbour passage",620,2022-05-20 09:44:41.876,2022-06-08 21:24:25.3604,44.8665695404,-62.4962837203505
"619","V2LNSSA-1503453-2022-05-06","West River upper",2,2022-05-06 00:05:00,2022-05-06 00:05:00,44.9585454198472,-62.6177866412211
"620","V2LNSSA-1503454-2022-05-06","Sheet Harbour",2613,2022-05-08 00:06:51.5725,2022-05-18 02:29:46.0353,44.9202516530958,-62.5386218284875
"621","V2LNSSA-1503454-2022-05-06","Sheet Harbour estuary",3692,2022-05-11 05:38:56,2022-05-31 02:02:14.887,44.8958021924533,-62.4850195539726
"622","V2LNSSA-1503454-2022-05-06","Sheet Harbour passage",544,2022-05-19 07:26:28.6618,2022-05-30 17:16:34.2464,44.8665695404,-62.4962837203505
"623","V2LNSSA-1503454-2022-05-06","West River upper",2,2022-05-06 00:05:00,2022-05-06 00:05:00,44.9585454198472,-62.6177866412211
"624","V2LNSSA-1503455-2022-05-09","ESI Shag Roost",12,2022-06-09 14:48:48,2022-06-09 15:04:39,44.7947664430895,-62.4701632926829
"625","V2LNSSA-1503455-2022-05-09","Grand Banks of NL",13,2022-07-09 15:52:42,2022-07-09 16:19:40,46.8775407272727,-51.2342329090909
"626","V2LNSSA-1503455-2022-05-09","Sheet Harbour",1045,2022-05-12 03:34:17.5559,2022-06-03 10:05:33.6893,44.9202516530958,-62.5386218284875
"627","V2LNSSA-1503455-2022-05-09","Sheet Harbour estuary",4492,2022-05-14 05:19:04,2022-06-09 09:12:52.7619,44.8958021924533,-62.4850195539726
"628","V2LNSSA-1503455-2022-05-09","Sheet Harbour passage",937,2022-05-15 02:26:00.5869,2022-06-09 11:27:22.151,44.8665695404,-62.4962837203505
"629","V2LNSSA-1503455-2022-05-09","West River upper",2,2022-05-09 00:05:00,2022-05-09 00:05:00,44.9585454198472,-62.6177866412211
"630","V2LNSSA-1503456-2022-05-09","ESI Shag Roost",8,2022-05-27 02:44:13,2022-05-27 02:53:35,44.7947664430895,-62.4701632926829
"631","V2LNSSA-1503456-2022-05-09","Sheet Harbour",275,2022-05-11 00:36:20,2022-05-25 07:55:57.2409,44.9202516530958,-62.5386218284875
"632","V2LNSSA-1503456-2022-05-09","Sheet Harbour estuary",3780,2022-05-12 19:19:57,2022-05-25 10:21:22.1843,44.8958021924533,-62.4850195539726
"633","V2LNSSA-1503456-2022-05-09","Sheet Harbour passage",144,2022-05-22 10:43:41.713,2022-05-25 12:50:14.876,44.8665695404,-62.4962837203505
"634","V2LNSSA-1503456-2022-05-09","St. Anns Bank MPA",12,2022-06-06 16:29:01,2022-06-06 21:46:43,46.014734054054,-58.99753
"635","V2LNSSA-1503456-2022-05-09","West River upper",2,2022-05-09 00:05:00,2022-05-09 00:05:00,44.9585454198472,-62.6177866412211
"636","V2LNSSA-1503457-2022-05-09","Sheet Harbour",1138,2022-05-12 00:57:06.953,2022-05-12 10:30:42,44.9202516530958,-62.5386218284875
"637","V2LNSSA-1503457-2022-05-09","West River upper",2,2022-05-09 00:05:00,2022-05-09 00:05:00,44.9585454198472,-62.6177866412211
"638","V2LNSSA-1503458-2022-05-09","West River upper",2,2022-05-09 00:05:00,2022-05-09 00:05:00,44.9585454198472,-62.6177866412211
"639","V2LNSSA-1503459-2022-05-09","ESI Shag Roost",5,2022-06-01 02:55:48,2022-06-01 03:05:24,44.7947664430895,-62.4701632926829
"640","V2LNSSA-1503459-2022-05-09","Sheet Harbour",883,2022-05-11 16:39:34.9812,2022-05-18 03:02:09.1489,44.9202516530958,-62.5386218284875
"641","V2LNSSA-1503459-2022-05-09","Sheet Harbour estuary",2074,2022-05-14 02:32:39.5839,2022-05-25 04:47:01,44.8958021924533,-62.4850195539726
"642","V2LNSSA-1503459-2022-05-09","Sheet Harbour passage",105,2022-05-23 11:12:30.6853,2022-05-25 13:53:09.6234,44.8665695404,-62.4962837203505
"643","V2LNSSA-1503459-2022-05-09","West River upper",2,2022-05-09 00:05:00,2022-05-09 00:05:00,44.9585454198472,-62.6177866412211
"644","V2LNSSA-1503460-2022-05-09","West River upper",2,2022-05-09 00:05:00,2022-05-09 00:05:00,44.9585454198472,-62.6177866412211
"645","V2LNSSA-1503461-2022-05-09","ESI Shag Roost",14,2022-05-29 18:33:53,2022-05-29 22:28:06,44.7947664430895,-62.4701632926829
"646","V2LNSSA-1503461-2022-05-09","Sheet Harbour",385,2022-05-10 02:22:26.7407,2022-05-27 07:42:21.8276,44.9202516530958,-62.5386218284875
"647","V2LNSSA-1503461-2022-05-09","Sheet Harbour estuary",3868,2022-05-11 18:46:44,2022-05-29 01:19:06,44.8958021924533,-62.4850195539726
"648","V2LNSSA-1503461-2022-05-09","Sheet Harbour passage",236,2022-05-20 09:17:39.0526,2022-05-29 11:25:39.4249,44.8665695404,-62.4962837203505
"649","V2LNSSA-1503461-2022-05-09","West River upper",2,2022-05-09 00:05:00,2022-05-09 00:05:00,44.9585454198472,-62.6177866412211
"650","V2LNSSA-1503462-2022-05-09","Sheet Harbour",507,2022-05-13 15:09:24.463,2022-05-28 03:34:54.4962,44.9202516530958,-62.5386218284875
"651","V2LNSSA-1503462-2022-05-09","Sheet Harbour estuary",2315,2022-05-17 08:14:39,2022-05-29 07:17:21,44.8958021924533,-62.4850195539726
"652","V2LNSSA-1503462-2022-05-09","Sheet Harbour passage",380,2022-05-22 11:07:11.703,2022-05-31 20:38:54.9653,44.8665695404,-62.4962837203505
"653","V2LNSSA-1503462-2022-05-09","West River upper",2,2022-05-09 00:05:00,2022-05-09 00:05:00,44.9585454198472,-62.6177866412211
"654","V2LNSSA-1503463-2022-05-09","ESI Moser River",13,2022-06-04 08:21:04,2022-06-04 08:42:26,44.8517599999999,-62.101015217391
"655","V2LNSSA-1503463-2022-05-09","ESI Shag Roost",21,2022-06-03 12:14:56,2022-06-03 12:50:38,44.7947664430895,-62.4701632926829
"656","V2LNSSA-1503463-2022-05-09","Sheet Harbour",2407,2022-05-12 16:41:53.8941,2022-05-30 08:51:16.3001,44.9202516530958,-62.5386218284875
"657","V2LNSSA-1503463-2022-05-09","Sheet Harbour estuary",4963,2022-05-17 08:31:23.8044,2022-06-02 06:00:24,44.8958021924533,-62.4850195539726
"658","V2LNSSA-1503463-2022-05-09","Sheet Harbour passage",669,2022-05-20 17:32:27.5459,2022-06-03 08:26:37.1914,44.8665695404,-62.4962837203505
"659","V2LNSSA-1503463-2022-05-09","West River upper",2,2022-05-09 00:05:00,2022-05-09 00:05:00,44.9585454198472,-62.6177866412211
"660","V2LNSSA-1503464-2022-05-09","ESI Shag Roost",23,2022-06-05 16:22:17,2022-06-05 19:16:22,44.7947664430895,-62.4701632926829
"661","V2LNSSA-1503464-2022-05-09","Sheet Harbour",260,2022-05-12 04:22:31.9546,2022-05-28 02:49:44.7267,44.9202516530958,-62.5386218284875
"662","V2LNSSA-1503464-2022-05-09","Sheet Harbour estuary",5753,2022-05-12 11:39:45,2022-06-04 10:44:59.8865,44.8958021924533,-62.4850195539726
"663","V2LNSSA-1503464-2022-05-09","Sheet Harbour passage",686,2022-05-20 16:49:50.3458,2022-06-04 21:00:22.4697,44.8665695404,-62.4962837203505
"664","V2LNSSA-1503464-2022-05-09","West River upper",2,2022-05-09 00:05:00,2022-05-09 00:05:00,44.9585454198472,-62.6177866412211
"665","V2LNSSA-1503465-2022-05-09","ESI Shag Roost",12,2022-06-09 13:48:30,2022-06-09 14:13:33,44.7947664430895,-62.4701632926829
"666","V2LNSSA-1503465-2022-05-09","Sheet Harbour",2200,2022-05-12 23:18:51.0483,2022-06-09 02:42:42.1821,44.9202516530958,-62.5386218284875
"667","V2LNSSA-1503465-2022-05-09","Sheet Harbour estuary",9577,2022-05-17 04:27:39,2022-06-09 06:57:53.7094,44.8958021924533,-62.4850195539726
"668","V2LNSSA-1503465-2022-05-09","Sheet Harbour passage",746,2022-05-21 14:05:08.2298,2022-06-09 10:19:00.4005,44.8665695404,-62.4962837203505
"669","V2LNSSA-1503465-2022-05-09","Strait of Belle Isle",55,2022-07-14 22:13:57,2022-08-06 05:48:21,51.4151463636364,-56.6698103636364
"670","V2LNSSA-1503465-2022-05-09","West River upper",2,2022-05-09 00:05:00,2022-05-09 00:05:00,44.9585454198472,-62.6177866412211
"671","V2LNSSA-1503466-2022-05-09","Cabot Strait NL",3,2022-06-15 20:52:21,2022-06-15 20:59:31,47.56698,-59.4201
"672","V2LNSSA-1503466-2022-05-09","ESI Shag Roost",12,2022-06-02 08:24:41,2022-06-02 08:39:58,44.7947664430895,-62.4701632926829
"673","V2LNSSA-1503466-2022-05-09","Grand Banks of NL",12,2022-07-02 14:11:45,2022-07-02 14:37:26,46.8775407272727,-51.2342329090909
"674","V2LNSSA-1503466-2022-05-09","Sheet Harbour",3612,2022-05-12 00:11:40.0352,2022-05-29 02:53:48.8778,44.9202516530958,-62.5386218284875
"675","V2LNSSA-1503466-2022-05-09","Sheet Harbour estuary",3456,2022-05-17 05:39:41,2022-05-30 01:51:09.6569,44.8958021924533,-62.4850195539726
"676","V2LNSSA-1503466-2022-05-09","Sheet Harbour passage",630,2022-05-20 09:55:48.4973,2022-05-31 13:59:12.3775,44.8665695404,-62.4962837203505
"677","V2LNSSA-1503466-2022-05-09","West River upper",2,2022-05-09 00:05:00,2022-05-09 00:05:00,44.9585454198472,-62.6177866412211
"678","V2LNSSA-1503467-2022-05-09","Sheet Harbour",620,2022-05-12 23:32:40.8147,2022-06-03 08:21:59.0755,44.9202516530958,-62.5386218284875
"679","V2LNSSA-1503467-2022-05-09","Sheet Harbour estuary",4390,2022-05-17 11:55:13,2022-06-03 12:39:19.8111,44.8958021924533,-62.4850195539726
"680","V2LNSSA-1503467-2022-05-09","Sheet Harbour passage",275,2022-05-23 16:59:26.3043,2022-06-03 14:14:16.2197,44.8665695404,-62.4962837203505
"681","V2LNSSA-1503467-2022-05-09","West River upper",2,2022-05-09 00:05:00,2022-05-09 00:05:00,44.9585454198472,-62.6177866412211
"682","V2LNSSA-1503468-2022-05-09","ESI Shag Roost",11,2022-06-01 09:22:28,2022-06-01 09:40:54,44.7947664430895,-62.4701632926829
"683","V2LNSSA-1503468-2022-05-09","Sheet Harbour",180,2022-05-12 23:48:49.2548,2022-05-28 02:25:35.889,44.9202516530958,-62.5386218284875
"684","V2LNSSA-1503468-2022-05-09","Sheet Harbour estuary",4445,2022-05-14 10:35:18,2022-05-30 07:13:00,44.8958021924533,-62.4850195539726
"685","V2LNSSA-1503468-2022-05-09","Sheet Harbour passage",375,2022-05-19 13:19:18.147,2022-05-31 14:16:42.6661,44.8665695404,-62.4962837203505
"686","V2LNSSA-1503468-2022-05-09","St. Anns Bank MPA",11,2022-06-09 07:12:01,2022-06-09 07:27:08,46.014734054054,-58.99753
"687","V2LNSSA-1503468-2022-05-09","West River upper",2,2022-05-09 00:05:00,2022-05-09 00:05:00,44.9585454198472,-62.6177866412211
"688","V2LNSSA-1503469-2022-05-09","ESI Moser River",19,2022-06-06 06:52:15,2022-06-06 07:18:48,44.8517599999999,-62.101015217391
"689","V2LNSSA-1503469-2022-05-09","Sheet Harbour",1675,2022-05-12 16:37:47.4208,2022-06-01 08:16:37.1524,44.9202516530958,-62.5386218284875
"690","V2LNSSA-1503469-2022-05-09","Sheet Harbour estuary",4328,2022-05-17 12:00:54.1123,2022-06-04 15:56:07,44.8958021924533,-62.4850195539726
"691","V2LNSSA-1503469-2022-05-09","Sheet Harbour passage",505,2022-05-22 08:03:04.9105,2022-06-04 22:36:55.7718,44.8665695404,-62.4962837203505
"692","V2LNSSA-1503469-2022-05-09","West River upper",2,2022-05-09 00:05:00,2022-05-09 00:05:00,44.9585454198472,-62.6177866412211
"693","V2LNSSA-1503470-2022-05-09","ESI Shag Roost",26,2022-06-09 14:41:33,2022-06-09 15:33:52,44.7947664430895,-62.4701632926829
"694","V2LNSSA-1503470-2022-05-09","Sheet Harbour",641,2022-05-12 16:03:26.3077,2022-06-07 07:03:54.8228,44.9202516530958,-62.5386218284875
"695","V2LNSSA-1503470-2022-05-09","Sheet Harbour estuary",5562,2022-05-14 15:01:30,2022-06-09 05:34:43.2539,44.8958021924533,-62.4850195539726
"696","V2LNSSA-1503470-2022-05-09","Sheet Harbour passage",478,2022-05-21 12:03:08.982,2022-06-09 11:48:01.7189,44.8665695404,-62.4962837203505
"697","V2LNSSA-1503470-2022-05-09","West River upper",2,2022-05-09 00:05:00,2022-05-09 00:05:00,44.9585454198472,-62.6177866412211
"698","V2LNSSA-1503471-2022-05-09","ESI Moser River",5,2022-06-04 00:49:10,2022-06-04 01:02:40,44.8517599999999,-62.101015217391
"699","V2LNSSA-1503471-2022-05-09","Sheet Harbour",2950,2022-05-12 00:27:31.7475,2022-05-19 13:39:16.4223,44.9202516530958,-62.5386218284875
"700","V2LNSSA-1503471-2022-05-09","Sheet Harbour estuary",3658,2022-05-16 12:24:50,2022-05-31 03:17:12.4735,44.8958021924533,-62.4850195539726
"701","V2LNSSA-1503471-2022-05-09","Sheet Harbour passage",246,2022-05-22 07:33:59.8883,2022-05-31 19:21:11.3503,44.8665695404,-62.4962837203505
"702","V2LNSSA-1503471-2022-05-09","West River upper",2,2022-05-09 00:05:00,2022-05-09 00:05:00,44.9585454198472,-62.6177866412211
"703","V2LNSSA-1503472-2022-05-09","ESI Shag Roost",3,2022-06-02 08:36:55,2022-06-02 08:49:26,44.7947664430895,-62.4701632926829
"704","V2LNSSA-1503472-2022-05-09","Sheet Harbour",897,2022-05-11 23:54:33.9283,2022-05-25 04:53:45.8037,44.9202516530958,-62.5386218284875
"705","V2LNSSA-1503472-2022-05-09","Sheet Harbour estuary",2702,2022-05-17 08:21:24.0858,2022-05-31 02:08:26,44.8958021924533,-62.4850195539726
"706","V2LNSSA-1503472-2022-05-09","Sheet Harbour passage",318,2022-05-23 11:01:43.4936,2022-06-02 02:44:27.6038,44.8665695404,-62.4962837203505
"707","V2LNSSA-1503472-2022-05-09","West River upper",2,2022-05-09 00:05:00,2022-05-09 00:05:00,44.9585454198472,-62.6177866412211
"708","V2LNSSA-1503473-2022-05-09","ESI Shag Roost",6,2022-06-10 03:24:59,2022-06-10 03:34:11,44.7947664430895,-62.4701632926829
"709","V2LNSSA-1503473-2022-05-09","Sheet Harbour",1843,2022-05-18 00:14:03.4369,2022-06-09 05:12:25.0104,44.9202516530958,-62.5386218284875
"710","V2LNSSA-1503473-2022-05-09","Sheet Harbour estuary",10907,2022-05-19 10:24:35,2022-06-09 08:38:55.3066,44.8958021924533,-62.4850195539726
"711","V2LNSSA-1503473-2022-05-09","Sheet Harbour passage",95,2022-05-21 11:09:04.9394,2022-06-09 21:58:59.901,44.8665695404,-62.4962837203505
"712","V2LNSSA-1503473-2022-05-09","West River upper",2,2022-05-09 00:05:00,2022-05-09 00:05:00,44.9585454198472,-62.6177866412211
"713","V2LNSSA-1503474-2022-05-09","ESI Shag Roost",4,2022-06-08 19:35:09,2022-06-08 19:40:21,44.7947664430895,-62.4701632926829
"714","V2LNSSA-1503474-2022-05-09","Sheet Harbour",1016,2022-05-12 16:01:21.9938,2022-06-01 08:25:19.0613,44.9202516530958,-62.5386218284875
"715","V2LNSSA-1503474-2022-05-09","Sheet Harbour estuary",5501,2022-05-17 08:37:48,2022-06-08 09:28:52,44.8958021924533,-62.4850195539726
"716","V2LNSSA-1503474-2022-05-09","Sheet Harbour passage",342,2022-05-23 22:59:42.7622,2022-06-08 15:22:00.3768,44.8665695404,-62.4962837203505
"717","V2LNSSA-1503474-2022-05-09","West River upper",2,2022-05-09 00:05:00,2022-05-09 00:05:00,44.9585454198472,-62.6177866412211
"718","V2LNSSA-1503475-2022-05-09","ESI Shag Roost",9,2022-06-01 07:48:09,2022-06-01 08:00:48,44.7947664430895,-62.4701632926829
"719","V2LNSSA-1503475-2022-05-09","Sheet Harbour",2157,2022-05-12 01:55:55.7818,2022-05-25 10:02:12.316,44.9202516530958,-62.5386218284875
"720","V2LNSSA-1503475-2022-05-09","Sheet Harbour estuary",4610,2022-05-17 05:44:18,2022-05-31 20:32:42,44.8958021924533,-62.4850195539726
"721","V2LNSSA-1503475-2022-05-09","Sheet Harbour passage",403,2022-05-19 07:29:47.1915,2022-05-31 22:48:42.6422,44.8665695404,-62.4962837203505
"722","V2LNSSA-1503475-2022-05-09","West River upper",2,2022-05-09 00:05:00,2022-05-09 00:05:00,44.9585454198472,-62.6177866412211
"723","V2LNSSA-1503476-2022-05-09","West River upper",2,2022-05-09 00:05:00,2022-05-09 00:05:00,44.9585454198472,-62.6177866412211
"724","V2LNSSA-1503477-2022-05-09","ESI Shag Roost",10,2022-06-02 16:52:19,2022-06-02 17:06:57,44.7947664430895,-62.4701632926829
"725","V2LNSSA-1503477-2022-05-09","Sheet Harbour",534,2022-05-10 17:08:13.5204,2022-05-27 03:02:41.8705,44.9202516530958,-62.5386218284875
"726","V2LNSSA-1503477-2022-05-09","Sheet Harbour estuary",6229,2022-05-12 19:43:38,2022-05-30 07:36:44.0335,44.8958021924533,-62.4850195539726
"727","V2LNSSA-1503477-2022-05-09","Sheet Harbour passage",651,2022-05-19 06:58:01.5812,2022-06-01 20:41:08.6459,44.8665695404,-62.4962837203505
"728","V2LNSSA-1503477-2022-05-09","West River upper",2,2022-05-09 00:05:00,2022-05-09 00:05:00,44.9585454198472,-62.6177866412211
